Name	Tax ID	Relative Abundance	Reads Frequency	Normalized Reads Frequency
Actinomycetota	201174	76.49000000000001	654622	729256
Bacillota	1239	9.030000000000001	102310	86091
Bacillota_A	1239	8.239999999999998	81766	78562
Bacteroidota	976	4.2	64396	40043
Pseudomonadota	1224	1.34	43995	12775
Bacillota_C	1239	0.69	6314	6578