Name	Tax ID	Abundance Score	Relative Abundance	Unique Matches Frequency
Actinobacteria	201174	1609382.2500000007	84.71400000000001	756029
Bacilli	91061	253913.12000000002	13.364000000000004	64314
Tissierellia	1737404	30396.27	1.5999999999999999	541266
Clostridia	186801	2127.89	0.112	4353
Negativicutes	909932	1547.08	0.081	8008
Bacteroidia	200643	1379.79	0.07300000000000001	14781
Epsilonproteobacteria	29547	429.74	0.023	1552
Gammaproteobacteria	1236	305.88	0.016	120
Synergistia	649775	226.27	0.012	80