Name	Tax ID	Abundance Score	Relative Abundance	Unique Matches Frequency
Firmicutes	1239	2981.94	64.92999999999999	3251
Actinobacteria	201174	1015.1	22.103	678
Proteobacteria	1224	595.5500000000001	12.968	4297