Name	Tax ID	Abundance Score	Relative Abundance	% Unique Matches	% Total Matches	Unique Matches Frequency
Malassezia restricta CBS 7877	425264	253.88	74.31	0.029221	0.029321	4176
Balansia obtecta B249	1405085	36.97	10.821	0.005296	0.005241	790
Puccinia arachidis	333523	19.57	5.728	0.00196	0.002116	1028
Malassezia globosa CBS 7966	425265	16.83	4.926	0.002732	0.002747	372
Trichoderma	5543	8.36	2.447	0.001446	0.00152	69
Debaryomyces hansenii CBS767	284592	6.04	1.7680000000000002	0.001127	0.001176	165