Name	Tax ID	Relative Abundance	Reads Frequency	Normalized Reads Frequency
Actinomycetota	201174	73.60000000000001	8242889	7581921
Bacillota	1239	26.03000000000001	2005466	2681486
Bacteroidota	976	0.36000000000000004	46521	37085
Pseudomonadota	1224	0.02	6172	2060
Bacillota_A	1239	0.01	476	1030