Name	Tax ID	Relative Abundance	Reads Frequency	Normalized Reads Frequency
Gammaproteobacteria	1236	93.65	21956587	21717992
Bacilli	91061	2.9299999999999997	544744	679484
Bacteroidia	200643	2.6	599075	602955
Coriobacteriia	84998	0.8100000000000002	87041	187844
Actinomycetia	1760	0.02	3148	4638