Name	Accession ID	Class	Abundance Score	Relative Abundance	% Unique Matches	% Total Matches	Unique Matches Frequency
Staphylococcus aureus GI 33390919		-	24790.65	39.749	0.834171	0.892857	2766
Staphylococcus aureus GENE thyA		-	9884.53	15.848999999999998	0.948473	0.948473	1792
Staphylococcus epidermidis GeneID SEA1545		-	9561.77	15.331	0.923423	0.923423	926
Staphylococcus aureus GI 33390920		-	7954.98	12.754999999999999	0.917197	0.917197	534
Staphylococcus aureus GENE dfrA		-	3893.59	6.243	0.579399	0.579399	307
Staphylococcus lentus GENE repL		-	2889.7	4.633	0.412037	0.412037	263
Staphylococcus aureus GENE blaI		-	2334.04	3.742	0.402116	0.402116	160
Staphylococcus lentus GI 60416748		-	1057.98	1.696	0.5	0.5	7