Class	Abundance Score	Relative Abundance	Unique Matches Frequency
Polimixin_Colistin	3704808.4200000004	69.724	880740
Sulfa drugs	799202.44	15.040999999999999	149342
Class A beta-lactamases	724366.64	13.633000000000001	258430
Macrolide-Lincosamine-Streptogramin B	40391.4	0.76	772
Aminoglycoside	17102.17	0.322	250
Sulfonamides_Trimethoprim	17083.94	0.322	2315
Tetracyclines	10543.35	0.198	738