Name	Tax ID	Relative Abundance	Reads Frequency	Normalized Reads Frequency
Actinomycetota	201174	83.78999999999999	3256516	3304448
Bacillota	1239	12.699999999999998	405856	500852
Pseudomonadota	1224	1.4800000000000002	195587	58364
Bacteroidota	976	1.2500000000000002	62849	49296
Bacillota_A	1239	0.6300000000000001	18657	24844
Bacillota_C	1239	0.12	2850	4732
Deinococcota	1297	0.03	1412	1183