Class	Abundance Score	Relative Abundance	Unique Matches Frequency
Sulfa drugs	15025737.41	69.88000000000001	3275694
Quinolones and fluoroquinolones	3978047.0300000003	18.501	1279421
Fosfomycin	2470108.42	11.488	17642
Tetracyclines	27194.31	0.126	6774
Class A beta-lactamases	1303.04	0.006	6