Name	Tax ID	Relative Abundance	Reads Frequency	Normalized Reads Frequency
Actinomycetia	1760	82.82000000000001	16028457	16411850
Bacteroidia	200643	5.609999999999999	1438429	1111693
Clostridia	186801	4.919999999999998	736397	974962
Bacilli	91061	4.909999999999998	864595	972980
Gammaproteobacteria	1236	0.81	323760	160512
Alphaproteobacteria	28211	0.5499999999999999	379707	108991
Negativicutes	909932	0.24	24000	47559
Coriobacteriia	84998	0.05	16153	9908
Campylobacteria	29547	0.03	4791	5945