CAZy ID	Copies per Million (CPM)	Relative Abundance
GH13	344332	34.43324476321819
GT28	150996	15.099619629505517
GH77	129556	12.955616842301895
GT4	104344	10.434413564737634
GT35	96638.6	9.663872563034332
CBM48	41718.8	4.171885423451051
GT2	29516.4	2.951643837136988
CBM25	29029.2	2.902923773800906
CBM41	29029.2	2.902923773800906
GH25	25581.6	2.558163325612323
GT5	19256.9	1.9256925034002546