Name	Tax ID	Abundance Score	Relative Abundance	% Unique Matches	% Total Matches	Unique Matches Frequency
Malassezia restricta CBS 7877	425264	2839.33	61.852	0.159254	0.159886	89751
Malassezia sympodialis ATCC 42132	1230383	1242.35	27.063	0.108028	0.108011	25039
Malassezia globosa CBS 7966	425265	411.79	8.97	0.039983	0.040156	9125
Balansia obtecta B249	1405085	73.92	1.6099999999999999	0.007255	0.007295	2745
Melampsora pinitorqua Mpini7	1298852	15.09	0.329	0.00144	0.003067	885
Malassezia	55193	8.05	0.17500000000000002	0.001962	0.010981	26