Name	Tax ID	Relative Abundance	Reads Frequency	Normalized Reads Frequency
Enterobacterales	91347	93.65	21956587	21717992
Bacillales_D	1385	2.86	534902	663251
Flavobacteriales	200644	2.6	599075	602955
Coriobacteriales	84999	0.8100000000000002	87041	187844
Lactobacillales	186826	0.06999999999999999	9842	16233
Propionibacteriales	85009	0.01	926	2319
Actinomycetales	2037	0.01	2222	2319