Name	Tax ID	Abundance Score	Relative Abundance	Unique Matches Frequency
Staphylococcus epidermidis	1282	17870.23	38.688	283
Corynebacterium sp. KPL1856	1203563	14007.55	30.325000000000003	29
Cutibacterium acnes	1747	9756.38	21.122	169
Staphylococcus capitis	29388	2121.37	4.593	1045
Propionibacterium sp. KPL1844	1203573	1492.14	3.2300000000000004	10320
Cutibacterium granulosum	33011	654.56	1.417	989
[Propionibacterium] namnetense	1574624	187.97	0.407	3233
Staphylococcus caprae	29380	100.89	0.218	1989