Name	Tax ID	Abundance Score	Relative Abundance	Unique Matches Frequency
Actinobacteria	201174	8117.459999999999	50.92900000000001	13701
Bacilli	91061	6954.79	43.635	2563
Tissierellia	1737404	537.62	3.373	3622
Alphaproteobacteria	28211	184.83	1.16	1889
Gammaproteobacteria	1236	143.94	0.903	396