Name	Tax ID	Abundance Score	Relative Abundance	Unique Matches Frequency
Bacilli	91061	89726.23000000003	49.639999999999986	194681
Actinobacteria	201174	80825.90999999997	44.712999999999994	1077837
Gammaproteobacteria	1236	8235.2	4.555	11176
Alphaproteobacteria	28211	811.44	0.449	14441
Bacteroidia	200643	389.59	0.216	11253
Tissierellia	1737404	257.04	0.14200000000000002	87
Negativicutes	909932	239.63	0.133	38
Betaproteobacteria	28216	196.42000000000002	0.108	3090
Clostridia	186801	82.13	0.045	10