Name	Tax ID	Abundance Score	Relative Abundance	Unique Matches Frequency
Propionibacteriaceae	31957	563310.78	71.783	16424
Staphylococcaceae	90964	159500.52	20.326	17523
Corynebacteriaceae	1653	60616.38	7.7250000000000005	1022338
Carnobacteriaceae	186828	567.49	0.07200000000000001	8226
Micrococcaceae	1268	237.4	0.03	433
Caulobacteraceae	76892	231.19	0.029	4029
Peptoniphilaceae	1570339	185.89	0.024	103
Tannerellaceae	2005525	94.8	0.012	2751