Name	Accession ID	Class	Abundance Score	Relative Abundance	% Unique Matches	% Total Matches	Unique Matches Frequency
Staphylococcus aureus GI 33390919		-	828898.02	86.002	0.899497	0.935065	78277
Staphylococcus aureus GENE 1602 Branch		-	66631.67	6.912999999999999	0.555556	0.507143	1512
Staphylococcus lentus GENE repC		-	13868.53	1.439	1	1	2560
Staphylococcus lentus GENE pre		-	12383.58	1.2850000000000001	0.853955	0.853955	2680
Staphylococcus aureus GI 33390920		-	10648.44	1.105	0.917197	0.917197	847
Staphylococcus aureus GENE thyA		-	10552.23	1.095	0.996183	0.996183	1914
Staphylococcus aureus GENE dfrA		-	10261.08	1.065	0.815451	0.815451	1174
Staphylococcus epidermidis GeneID SEA1545		-	7271.11	0.754	0.927928	0.927928	557
Staphylococcus lentus GENE tetK		-	3302.99	0.34299999999999997	0.506767	0.506767	450