Name	Tax ID	Abundance Score	Relative Abundance	Unique Matches Frequency
Propionibacteriales	85009	7106.129999999999	44.58500000000001	1121
Bacillales	1385	6954.79	43.635	2563
Micrococcales	85006	1011.33	6.344	12580
Tissierellales	1737405	537.62	3.373	3622
Rhodospirillales	204441	184.83	1.16	1889
Enterobacterales	91347	143.94	0.903	396