Name	Tax ID	Relative Abundance	Reads Frequency	Normalized Reads Frequency
Actinomycetia	1760	32.419999999999995	585393	803073
Bacilli	91061	25.590000000000003	528284	633889
Bacteroidia	200643	18.060000000000002	470904	447363
Gammaproteobacteria	1236	17.53	763493	434234
Clostridia	186801	4.899999999999999	102971	121379
Campylobacteria	29547	0.81	11912	20065
Negativicutes	909932	0.3500000000000001	4269	8669
Coriobacteriia	84998	0.30000000000000004	6093	7431
Alphaproteobacteria	28211	0.07	3776	1734