Name	Tax ID	GTDB ID	Relative Abundance	% Total Matches	% Unique Matches	Reads Frequency	Normalized Reads Frequency
Melampsora pinitorqua Mpini7	1298852	GCA_000464645.1	73.67	0.001652	0.001468	6085	10528
Malassezia globosa CBS 7966	425265	GCA_000181695.1	19.72	0.001939	0.001939	6432	2818
Malassezia	55193		6.61	0.001015	0.001015	1774	945