Name	Tax ID	Abundance Score	Relative Abundance	Unique Matches Frequency
Propionibacteriaceae	31957	2486991.8499999996	99.053	36403
Staphylococcaceae	90964	18891.11	0.753	6785
Corynebacteriaceae	1653	3338.33	0.133	15
Micrococcaceae	1268	851.93	0.034	1353
Dermacoccaceae	145357	521.94	0.020999999999999998	7181
Moraxellaceae	468	92.39	0.004	56
Caulobacteraceae	76892	77.99	0.003	1414