Name	Tax ID	Abundance Score	Relative Abundance	Unique Matches Frequency
Bacillales	1385	160680.55	97.78599999999997	47013
Lactobacillales	186826	1496.0700000000002	0.91	4729
Micrococcales	85006	1147.32	0.698	11216
Actinomycetales	2037	438.03999999999996	0.267	3997
Corynebacteriales	85007	239.24	0.146	5651
Propionibacteriales	85009	200.07	0.122	23
Neisseriales	206351	117.43	0.07100000000000001	20