Name	Tax ID	Abundance Score	Relative Abundance	% Unique Matches	% Total Matches	Unique Matches Frequency
Merkel cell polyomavirus	493803	6780.8	61.687999999999995	0.738515	0.737495	3445
Human polyomavirus 6	746830	3813.21	34.691	0.478607	0.478607	1625
Staphylococcus phage StB20	1147043	248.4	2.26	0.032672	0.034334	860
Human immunodeficiency virus 1	11676	149.65	1.361	0.033088	0.033088	70