Name	Tax ID	Relative Abundance	Reads Frequency	Normalized Reads Frequency
Actinomycetota	201174	32.72	591486	810504
Bacillota	1239	25.590000000000003	528284	633889
Bacteroidota	976	18.060000000000002	470904	447363
Pseudomonadota	1224	17.6	767269	435968
Bacillota_A	1239	4.899999999999999	102971	121379
Campylobacterota	1224	0.81	11912	20065
Bacillota_C	1239	0.3500000000000001	4269	8669