Name	Tax ID	Abundance Score	Relative Abundance	Unique Matches Frequency
Actinobacteria	201174	8117.459999999999	50.92900000000001	13701
Firmicutes	1239	7492.41	47.007999999999996	6185
Proteobacteria	1224	328.77	2.0629999999999997	2285