Name	Tax ID	Abundance Score	Relative Abundance	Unique Matches Frequency
Staphylococcus	1279	13268.27	59.812	4077
Cutibacterium	1912216	8500.97	38.322	53
Propionibacteriaceae_u_g	31957	197.75	0.8909999999999999	19
Rothia	32207	117.87	0.5309999999999999	518
Streptococcus	1301	98.35	0.443	20