Name	Tax ID	Relative Abundance	Reads Frequency	Normalized Reads Frequency
Actinomycetota	201174	54.63	27722455	36504778
Pseudomonadota	1224	34.589999999999996	34394244	23113679
Bacillota	1239	6.939999999999997	2740932	4637435
Bacteroidota	976	2.07	1280460	1383212
Bacillota_A	1239	1.7600000000000005	669467	1176061
Campylobacterota	1224	0.03	7716	20046
Bacillota_C	1239	0.03	6580	20047