Class	Abundance Score	Relative Abundance	Unique Matches Frequency
Polimixin_Colistin	281738.94	68.11699999999999	87431
Class A beta-lactamases	70405.8	17.022000000000002	28612
Sulfa drugs	61459.73	14.860000000000001	13786