Name	Tax ID	Abundance Score	Relative Abundance	Unique Matches Frequency
Staphylococcus	1279	20092.489999999998	43.49900000000001	3317
Corynebacterium	1716	14007.55	30.325000000000003	29
Cutibacterium	1912216	10598.909999999998	22.946	4391
Propionibacterium	1743	1492.14	3.2300000000000004	10320