Name	Tax ID	Abundance Score	Relative Abundance	Unique Matches Frequency
Actinobacteria	201174	624164.5599999999	79.53799999999998	1039195
Bacilli	91061	160068.00999999998	20.398	25749
Alphaproteobacteria	28211	231.19	0.029	4029
Tissierellia	1737404	185.89	0.024	103
Bacteroidia	200643	94.8	0.012	2751