Name	Tax ID	Abundance Score	Relative Abundance	% Unique Matches	% Total Matches	Unique Matches Frequency
Merkel cell polyomavirus	493803	6884.84	91.255	0.707504	0.704776	3943
Acinetobacter phage Acj61	760732	278.54	3.692	0.034643	0.034603	2395
Staphylococcus phage StB12	1147042	109.52	1.452	0.018567	0.016808	490
Human immunodeficiency virus 1	11676	102.54	1.359	0.025735	0.025735	43
Equine infectious anemia virus	11665	72.08	0.955	0.014472	0.014472	97
Staphylococcus phage PT1028	320831	49.84	0.661	0.010287	0.010287	100
unclassified Lambda-like viruses	335795	47.23	0.626	0.01018	0.010043	47