Name	Tax ID	Relative Abundance	Reads Frequency	Normalized Reads Frequency
Enterobacteriaceae	543	92.72	1470267	1421292
Alkalibacillaceae	186817	2.37	20322	36330
Flavobacteriaceae	49546	2.27	23958	34797
Actinomycetaceae	2049	1.1600000000000001	8220	17781
Propionibacteriaceae	31957	0.8100000000000002	5588	12416
Peptoniphilaceae	1570339	0.39000000000000007	2571	5979
Aerococcaceae	186827	0.29000000000000004	1960	4445