Name	Accession ID	Class	Abundance Score	Relative Abundance	% Unique Matches	% Total Matches	Unique Matches Frequency
Staphylococcus aureus GI 33390919		-	5215.49	33.104	0.653266	0.775974	338
Staphylococcus lentus GENE pre		-	4412.12	28.005000000000003	0.622718	0.622718	555
Staphylococcus lentus GENE repC		-	4267.2	27.084999999999997	0.63109	0.63109	456
Staphylococcus aureus GI 33390939		-	1860.03	11.806	0.52381	0.52381	28