Name	Tax ID	Abundance Score	Relative Abundance	Unique Matches Frequency
Corynebacterium	1716	7842.54	55.57600000000001	29743
Staphylococcus	1279	5872.23	41.614	12263
Actinomyces	1654	110.9	0.786	33
Finegoldia	150022	108.66	0.77	46
Prevotella	838	94.73	0.6709999999999999	616
Propionibacteriaceae_u_g	31957	82.35	0.584	152