Name	Tax ID	Abundance Score	Relative Abundance	Unique Matches Frequency
Firmicutes	1239	882772.91	94.48	77063
Actinobacteria	201174	40867.72	4.3740000000000006	165000
Proteobacteria	1224	9664.440000000002	1.0330000000000001	74695
Bacteroidetes	976	1062.1	0.11399999999999999	26