Name	Tax ID	Abundance Score	Relative Abundance	Unique Matches Frequency
Actinobacteria	201174	8035.79	56.94600000000001	29928
Firmicutes	1239	5980.889999999999	42.384	12309
Bacteroidetes	976	94.73	0.6709999999999999	616