Name	Tax ID	Relative Abundance	Reads Frequency	Normalized Reads Frequency
Bacillota	1239	93.18	7865560	8026603
Bacteroidota	976	3.68	402199	316999
Actinomycetota	201174	2.0200000000000005	165157	174002
Pseudomonadota	1224	0.7400000000000001	157193	63745
Bacillota_A	1239	0.22000000000000003	12657	18949
Myxococcota	2818505	0.07	1994	6030
Deinococcota	1297	0.04	4336	3445
Desulfobacterota	2904303	0.02	3383	1723
Bacillota_C	1239	0.02	1108	1722
Campylobacterota	1224	0.01	499	861