Name	Tax ID	Relative Abundance	Reads Frequency	Normalized Reads Frequency
Gammaproteobacteria	1236	92.3	17221672	16490601
Bacilli	91061	6.449999999999998	532673	1152380
Actinomycetia	1760	0.6700000000000002	51115	119707
Bacteroidia	200643	0.4600000000000001	50254	82185
Clostridia	186801	0.12	7835	21441
Alphaproteobacteria	28211	0.01	2757	1787