CAZy ID	Copies per Million (CPM)	Relative Abundance
GT51	286869	28.686879919184054
GT2	256627	25.662682036122575
GH88	100593	10.059292958494929
GT5	83318.9	8.331884167681082
GT28	56116.1	5.611606071875749
CBM48	49873	4.9872965088924435
GH13	49873	4.9872965088924435
GT32	48836.3	4.883626581461393
CBM70	33947.2	3.394717623697663
PL8	33947.2	3.394717623697663