Name	Tax ID	Relative Abundance	Reads Frequency	Normalized Reads Frequency
Actinomycetia	1760	83.75999999999999	3255488	3303265
Bacilli	91061	12.699999999999998	405856	500852
Alphaproteobacteria	28211	1.3500000000000003	182624	53238
Bacteroidia	200643	1.2500000000000002	62849	49296
Clostridia	186801	0.6300000000000001	18657	24844
Gammaproteobacteria	1236	0.13	12963	5126
Negativicutes	909932	0.12	2850	4732
Coriobacteriia	84998	0.03	1028	1183
Deinococci	188787	0.03	1412	1183