Name	Tax ID	Relative Abundance	Reads Frequency	Normalized Reads Frequency
Pseudomonadota	1224	92.31	17224429	16492388
Bacillota	1239	6.449999999999998	532673	1152380
Actinomycetota	201174	0.6700000000000002	51115	119707
Bacteroidota	976	0.4600000000000001	50254	82185
Bacillota_A	1239	0.12	7835	21441