Name	Tax ID	Relative Abundance	Reads Frequency	Normalized Reads Frequency
Bacillota	1239	92.04000000000002	5952279	6036373
Actinomycetota	201174	5.939999999999999	415840	389570
Bacteroidota	976	1.91	178587	125266
Pseudomonadota	1224	0.05	8905	3280
Bacillota_A	1239	0.04	1869	2624
Bacillota_C	1239	0.02	941	1312