Name	Tax ID	Relative Abundance	Reads Frequency	Normalized Reads Frequency
Clostridia	186801	28.750000000000007	485157	649396
Bacilli	91061	26.029999999999998	551960	587959
Bacteroidia	200643	24.860000000000003	664135	561530
Actinomycetia	1760	12.74	240461	287768
Gammaproteobacteria	1236	3.4499999999999993	183141	77927
Negativicutes	909932	1.8900000000000001	28010	42691
Alphaproteobacteria	28211	1.5399999999999998	89542	34787
Coriobacteriia	84998	0.48	8737	10842
Deinococci	188787	0.27	7623	6098