Name	Tax ID	Relative Abundance	Reads Frequency	Normalized Reads Frequency
Enterobacterales	91347	92.72	1470267	1421292
Bacillales_D	1385	2.37	20322	36330
Flavobacteriales	200644	2.27	23958	34797
Actinomycetales	2037	1.1600000000000001	8220	17781
Propionibacteriales	85009	0.8100000000000002	5588	12416
Tissierellales	1737405	0.39000000000000007	2571	5979
Lactobacillales	186826	0.29000000000000004	1960	4445