Name	Tax ID	Relative Abundance	Reads Frequency	Normalized Reads Frequency
Bacillota	1239	63.910000000000004	2403236	2568005
Bacillota_A	1239	16.209999999999994	568063	651339
Actinomycetota	201174	15.339999999999996	670145	616384
Pseudomonadota	1224	1.8100000000000005	275809	72728
Campylobacterota	1224	1.65	52212	66299
Bacteroidota	976	0.67	39300	26922
Bacillota_C	1239	0.37	9019	14867
Bacillota_B	1239	0.01	371	402