Class	Abundance Score	Relative Abundance	Unique Matches Frequency
Macrolide-Lincosamine-Streptogramin B	6050234.87	28.686999999999998	64989
Aminoglycoside	5952255.130000001	28.221999999999998	721316
Tetracyclines	4902066.16	23.243	264726
Sulfonamides_Trimethoprim	4177709.22	19.808999999999997	476631
Fosfomycin	4524.44	0.021	320
Class A beta-lactamases	3863.83	0.018000000000000002	1027