Name	Tax ID	Relative Abundance	Reads Frequency	Normalized Reads Frequency
Flavobacteriales	200644	39.42	135719	119903
Bacillales_D	1385	37.050000000000004	103821	112695
Mycobacteriales	85010	10.31	30609	31360
Actinomycetales	2037	4.85	11079	14752
Bacteroidales	171549	3.9499999999999997	13770	12015
Tissierellales	1737405	2.17	4409	6600
Propionibacteriales	85009	1	2245	3042
Coriobacteriales	84999	0.69	1240	2099
Lactobacillales	186826	0.38	902	1156
Peptococcales	186802	0.17	375	517