Name	Tax ID	Relative Abundance	Reads Frequency	Normalized Reads Frequency
Pseudomonadota	1224	97.03	39765228	39231683
Bacillota	1239	1.3200000000000003	267425	533710
Bacteroidota	976	1.22	320807	493276
Actinomycetota	201174	0.32	61249	129383
Bacillota_A	1239	0.09999999999999999	17820	40432