Name	Tax ID	Relative Abundance	Reads Frequency	Normalized Reads Frequency
Bacillota	1239	72.30000000000003	1670905	1775784
Bacteroidota	976	11.839999999999998	383639	290807
Bacillota_A	1239	10.52	207343	258386
Pseudomonadota	1224	2.89	142443	70982
Actinomycetota	201174	1.6700000000000004	39924	41017
Bacillota_C	1239	0.5700000000000001	8226	14000
Campylobacterota	1224	0.19	3330	4667
Verrucomicrobiota	74201	0.01	320	246