Name	Tax ID	Relative Abundance	Reads Frequency	Normalized Reads Frequency
Bacillota_A	1239	28.750000000000007	485157	649396
Bacillota	1239	26.029999999999998	551960	587959
Bacteroidota	976	24.860000000000003	664135	561530
Actinomycetota	201174	13.22	249198	298610
Pseudomonadota	1224	4.989999999999999	272683	112714
Bacillota_C	1239	1.8900000000000001	28010	42691
Deinococcota	1297	0.27	7623	6098