Name	Tax ID	Relative Abundance	Reads Frequency	Normalized Reads Frequency
Actinomycetota	201174	40.699999999999996	1649970	1667801
Bacillota	1239	32.71000000000001	1244843	1340385
Bacillota_A	1239	13.729999999999997	495880	562626
Bacteroidota	976	11.84	674764	485177
Campylobacterota	1224	0.72	22949	29504
Bacillota_C	1239	0.22999999999999998	5492	9425
Pseudomonadota	1224	0.04	1646	1639
Verrucomicrobiota	74201	0.02	941	820
Methanobacteriota	28890	0.02	785	820
Bacillota_B	1239	0.01	519	410