CAZy ID	Copies per Million (CPM)	Relative Abundance
GH13	421496	42.14960421496042
GT28	103854	10.385401038540104
GT35	102015	10.2015010201501
CBM48	84817	8.481700848170085
GT5	67664	6.7664006766400675
GH3	59094.5	5.909450590945059
GH42	43506.4	4.350640435064044
CBM61	38561.1	3.8561103856110384
GH53	38561.1	3.8561103856110384
GT2	26813.4	2.681340268134027
GH23	13617.4	1.3617401361740136