Class	Abundance Score	Relative Abundance	Unique Matches Frequency
Macrolide-Lincosamine-Streptogramin B	2201057.33	61.078999999999986	78172
Tetracyclines	1250069.4200000002	34.687999999999995	101860
Aminoglycoside	119112.56999999999	3.3049999999999997	15405
Phenicol	16309.34	0.453	2946
Class A beta-lactamases	12612.64	0.35000000000000003	3942
Fosfomycin	4484.77	0.124	373