Name	Tax ID	Relative Abundance	Reads Frequency	Normalized Reads Frequency
Bacillota	1239	83.49999999999997	1514500	1584913
Bacteroidota	976	12.18	284853	231188
Actinomycetota	201174	3.0999999999999996	57817	58842
Pseudomonadota	1224	0.7700000000000001	34515	14616
Bacillota_A	1239	0.32	4222	6075
Bacillota_C	1239	0.11	1532	2088
Deinococcota	1297	0.03	659	569