CAZy ID	Copies per Million (CPM)	Relative Abundance
GH13	364776	36.47763392419955
CBM48	151460	15.1460140857931
GH2	70451.3	7.045136551976993
GT28	68308.3	6.8308363526778075
GH3	66062.2	6.6062261437903125
GH127	61566.9	6.156695725727024
GH121	53968.2	5.396825019047267
GH42	44413.5	4.441354130459342
GT35	41107.7	4.110773823019655
GH32	30770.4	3.0770428616498613
GH77	25266.3	2.5266323497680854
GT2	17971.2	1.7971216713231541
GH30	3877.07	0.3877073605678453