Name	Tax ID	Relative Abundance	Reads Frequency	Normalized Reads Frequency
Bacilli	91061	92.04000000000002	5952279	6036373
Actinomycetia	1760	5.939999999999999	415840	389570
Bacteroidia	200643	1.91	178587	125266
Clostridia	186801	0.04	1869	2624
Gammaproteobacteria	1236	0.03	4786	1968
Alphaproteobacteria	28211	0.02	4119	1312
Negativicutes	909932	0.02	941	1312