Name	Tax ID	Relative Abundance	Reads Frequency	Normalized Reads Frequency
Bacteroidota	976	43.370000000000005	149489	131918
Bacillota	1239	37.43000000000001	104723	113851
Actinomycetota	201174	16.849999999999998	45173	51253
Bacillota_A	1239	2.17	4409	6600
Bacillota_B	1239	0.17	375	517