Name	Tax ID	Relative Abundance	Reads Frequency	Normalized Reads Frequency
Actinomycetia	1760	42.669999999999995	1339106	1479497
Bacilli	91061	39.57000000000001	1166402	1372008
Gammaproteobacteria	1236	8.52	588772	295414
Bacteroidia	200643	6.62	300840	229536
Clostridia	186801	2.2699999999999996	61801	78705
Campylobacteria	29547	0.31	7620	10749
Alphaproteobacteria	28211	0.03	2420	1040
Negativicutes	909932	0.02	336	694