Name	Tax ID	Relative Abundance	Reads Frequency	Normalized Reads Frequency
Bacteroidota	976	32.629999999999995	631211	519618
Actinomycetota	201174	31.409999999999997	432794	500193
Bacillota	1239	24.54	387337	390788
Bacillota_A	1239	10.869999999999997	134166	173099
Campylobacterota	1224	0.31000000000000005	3408	4936
Bacillota_C	1239	0.24000000000000002	1919	3822
Pseudomonadota	1224	0.03	1299	477
Bacillota_B	1239	0.03	325	478