Name	Tax ID	Relative Abundance	Reads Frequency	Normalized Reads Frequency
Actinomycetia	1760	97.87	11927469	11980383
Bacilli	91061	1.1600000000000001	163598	141996
Bacteroidia	200643	0.4099999999999999	65059	50189
Negativicutes	909932	0.36	37142	44068
Gammaproteobacteria	1236	0.14	15271	17136
Alphaproteobacteria	28211	0.06999999999999999	32580	8568