Name	Tax ID	Relative Abundance	Reads Frequency	Normalized Reads Frequency
Actinomycetia	1760	73.60000000000001	8242889	7581921
Bacilli	91061	26.03000000000001	2005466	2681486
Bacteroidia	200643	0.36000000000000004	46521	37085
Alphaproteobacteria	28211	0.02	6172	2060
Clostridia	186801	0.01	476	1030