Name	Tax ID	Relative Abundance	Reads Frequency	Normalized Reads Frequency
Gammaproteobacteria	1236	97.03	39765228	39231683
Bacilli	91061	1.3200000000000003	267425	533710
Bacteroidia	200643	1.22	320807	493276
Actinomycetia	1760	0.32	61249	129383
Clostridia	186801	0.09999999999999999	17820	40432