Name	Tax ID	GTDB ID	Relative Abundance	% Total Matches	% Unique Matches	Reads Frequency	Normalized Reads Frequency
Melampsora pinitorqua Mpini7	1298852	GCA_000464645.1	30.31	0.005768	0.005	4381	7197
Candida parapsilosis	5480	GCA_014049495.1	21.46	0.002043	0.002042	1209	5095
Monosporascus sp. 5C6A	2211642	GCA_004155035.1	21.42	0.005933	0.002547	6849	5086
Malassezia globosa CBS 7966	425265	GCA_000181695.1	11.05	0.01779	0.01779	6312	2624
Cladosporium	5498		5.87	0.001289	0.001289	672	1394
Tuber microsphaerosporum	1455713	GCA_003521225.1	5.37	0.001413	0.001098	2224	1275
Malassezia restricta	76775	GCA_003290485.1	3.6900000000000004	0.005897	0.004927	1781	876
Malassezia sp.	2011732	GCA_004026415.1	0.83	0.005615	0.0033	316	197