Name	Tax ID	Relative Abundance	Reads Frequency	Normalized Reads Frequency
Enterobacteriaceae	543	93.65	21956587	21717992
Alkalibacillaceae	186817	2.86	534902	663251
Flavobacteriaceae	49546	2.6	599075	602955
Atopobiaceae	1643824	0.8100000000000002	87041	187844
Lactobacillaceae	33958	0.06999999999999999	9842	16233
Propionibacteriaceae	31957	0.01	926	2319
Micrococcaceae	1268	0.01	2222	2319