Name	Tax ID	Relative Abundance	Reads Frequency	Normalized Reads Frequency
Pseudomonadota	1224	93.65	21956587	21717992
Bacillota	1239	2.9299999999999997	544744	679484
Bacteroidota	976	2.6	599075	602955
Actinomycetota	201174	0.8300000000000002	90189	192482