Name	Tax ID	Relative Abundance	Reads Frequency	Normalized Reads Frequency
Enterobacteriaceae	543	97.03	39765228	39231683
Flavobacteriaceae	49546	1.15	304495	464974
Alkalibacillaceae	186817	0.9400000000000002	204095	380066
Streptococcaceae	1300	0.32	54523	129384
Actinomycetaceae	2049	0.32	61249	129383
Peptoniphilaceae	1570339	0.09999999999999999	17820	40432
Bacteroidaceae	815	0.060000000000000005	13689	24259
Lactobacillaceae	33958	0.06	8807	24260
Porphyromonadaceae	171551	0.01	2623	4043