Name	Tax ID	Relative Abundance	Reads Frequency	Normalized Reads Frequency
Bacillota	1239	37.540000000000006	673029	721551
Bacteroidota	976	28.840000000000003	691007	554330
Actinomycetota	201174	20.00000000000001	358087	384419
Bacillota_A	1239	11.659999999999998	171408	224116
Campylobacterota	1224	1.1900000000000002	15868	22873
Bacillota_C	1239	0.30000000000000004	3592	5766
Bacillota_B	1239	0.26	4129	4997
Fusobacteriota	32066	0.16999999999999998	3030	3267
Pseudomonadota	1224	0.05	1935	961