Class	Abundance Score	Relative Abundance	Unique Matches Frequency
Macrolide-Lincosamine-Streptogramin B	52324.15	45.080000000000005	1424
Tetracyclines	30085.800000000003	25.921	2064
Aminoglycoside	23757.160000000003	20.468999999999998	1687
Phenicol	6223.25	5.362	603
Class A beta-lactamases	3678.15	3.1690000000000005	520