Name	Tax ID	Relative Abundance	Reads Frequency	Normalized Reads Frequency
Bacillota	1239	99.48000000000002	11339986	11333938
Bacteroidota	976	0.33	39182	37598
Bacillota_A	1239	0.13	8782	14810
Actinomycetota	201174	0.060000000000000005	5233	6835