Name	Tax ID	Relative Abundance	Reads Frequency	Normalized Reads Frequency
Bacteroidia	200643	43.370000000000005	149489	131918
Bacilli	91061	37.43000000000001	104723	113851
Actinomycetia	1760	16.16	43933	49154
Clostridia	186801	2.17	4409	6600
Coriobacteriia	84998	0.69	1240	2099
Peptococcia	186801	0.17	375	517