Name	Accession ID	Class	Abundance Score	Relative Abundance	% Unique Matches	% Total Matches	Unique Matches Frequency
Bacteroides fragilis GENE tetQ		-	4855.48	26.583000000000002	0.61831	0.61831	897
Parabacteroides distasonis GI 32395282		-	4446.58	24.343999999999998	0.73913	0.73913	164
Bacteroides vulgatus GI 33413459		-	3549.74	19.434	0.652632	0.652632	124
Parabacteroides distasonis GI 32395281		-	2926.25	16.02	0.909091	0.909091	20
Bacteroides fragilis GENE mobA		-	2487.63	13.619	0.47651	0.47651	118