Name	Tax ID	Relative Abundance	Reads Frequency	Normalized Reads Frequency
Actinomycetia	1760	74.10000000000001	635866	706470
Bacilli	91061	9.030000000000001	102310	86091
Clostridia	186801	8.239999999999998	81766	78562
Bacteroidia	200643	4.2	64396	40043
Coriobacteriia	84998	2.39	18756	22786
Gammaproteobacteria	1236	0.79	20400	7531
Negativicutes	909932	0.69	6314	6578
Alphaproteobacteria	28211	0.55	23595	5244