Name	Tax ID	Relative Abundance	Reads Frequency	Normalized Reads Frequency
Actinomycetota	201174	97.87	11927469	11980383
Bacillota	1239	1.1600000000000001	163598	141996
Bacteroidota	976	0.4099999999999999	65059	50189
Bacillota_C	1239	0.36	37142	44068
Pseudomonadota	1224	0.21000000000000002	47851	25704