CAZy ID	Copies per Million (CPM)	Relative Abundance
GT2	370090	37.008985196405916
GT28	351648	35.16478593408562
GH23	100243	10.024295990281603
CBM50	89009.7	8.900966439613423
GH25	45134	4.513398194640722
GH73	43875.7	4.387568244972702