Name	Tax ID	Relative Abundance	Reads Frequency	Normalized Reads Frequency
Bacillota	1239	93.86999999999999	5596003	5948714
Bacillota_A	1239	3.609999999999999	392118	228770
Actinomycetota	201174	1.2300000000000002	129325	77945
Bacteroidota	976	1.08	172682	68444
Pseudomonadota	1224	0.09999999999999999	34845	6338
Verrucomicrobiota	74201	0.05	6765	3169
Desulfobacterota	2904303	0.03	4012	1901
Bacillota_C	1239	0.02	860	1267
Campylobacterota	1224	0.01	573	634