Name	Tax ID	Relative Abundance	Reads Frequency	Normalized Reads Frequency
Bacilli	91061	99.48000000000002	11339986	11333938
Bacteroidia	200643	0.33	39182	37598
Clostridia	186801	0.13	8782	14810
Actinomycetia	1760	0.060000000000000005	5233	6835