Class	Abundance Score	Relative Abundance	Unique Matches Frequency
Aminoglycoside	16491163.89	44.969	66140
Tetracyclines	8843141.36	24.114	5123
Sulfonamides_Trimethoprim	4177992.1	11.393	208540
Polimixin_Colistin	3701028.7300000004	10.091999999999999	718104
Class A beta-lactamases	2088998.02	5.696	576933
Sulfa drugs	1369673.47	3.7350000000000003	245123