Name	Tax ID	Relative Abundance	Reads Frequency	Normalized Reads Frequency
Actinomycetales	2037	73.60000000000001	8242889	7581921
Lactobacillales	186826	25.680000000000007	1967789	2645431
Bacillales_D	1385	0.35	37677	36055
Flavobacteriales	200644	0.33	43761	33995
Bacteroidales	171549	0.03	2760	3090
Rhizobiales	356	0.02	6172	2060
Tissierellales	1737405	0.01	476	1030