Name	Tax ID	Relative Abundance	Reads Frequency	Normalized Reads Frequency
Bacilli	91061	90.01	5202952	5294610
Actinomycetia	1760	4.929999999999999	312787	289994
Bacteroidia	200643	3.1999999999999993	270691	188231
Clostridia	186801	1.6300000000000003	85880	95880
Campylobacteria	29547	0.11000000000000001	5188	6471
Negativicutes	909932	0.06999999999999999	2776	4118
Coriobacteriia	84998	0.05	1973	2941