Name	Tax ID	Relative Abundance	Reads Frequency	Normalized Reads Frequency
Enterobacterales	91347	97.03	39765228	39231683
Flavobacteriales	200644	1.15	304495	464974
Bacillales_D	1385	0.9400000000000002	204095	380066
Lactobacillales	186826	0.38	63330	153644
Actinomycetales	2037	0.32	61249	129383
Tissierellales	1737405	0.09999999999999999	17820	40432
Bacteroidales	171549	0.07	16312	28302