Class	Abundance Score	Relative Abundance	Unique Matches Frequency
Aminoglycoside	1035302.4700000001	51.960000000000015	139670
Macrolide-Lincosamine-Streptogramin B	358100.54	17.972	13376
Tetracyclines	213288.14	10.705	9528
Ppseudomonic Acid	182667.22	9.168	2319
Class A beta-lactamases	73056.48	3.6670000000000003	41909
Sulfonamides_Trimethoprim	63538.520000000004	3.189	8558
Fusidic Acid	34644.62	1.7389999999999999	341
Fosfomycin	21146.17	1.061	2915
Phenicol	10759.74	0.54	1561