Name	Tax ID	Abundance Score	Relative Abundance	Unique Matches Frequency
Staphylococcus	1279	1049.76	48.875	316
Propionibacteriaceae_u_g	31957	459.43	21.39	30
Corynebacterium	1716	187.48	8.729000000000001	4540
Rothia	32207	160.17	7.457	1048
Neisseriaceae_u_g	481	110.82	5.16	36
Finegoldia	150022	99.27	4.622	82
Veillonella	29465	80.92	3.7670000000000003	13