Name	Tax ID	Abundance Score	Relative Abundance	Unique Matches Frequency
Propionibacterium acnes HL087PA2	765082	8500.97	38.322	53
Staphylococcus capitis C87	435838	5204.22	23.46	1977
Staphylococcus epidermidis NIHLM039	979209	3605.28	16.252	328
Staphylococcus aureus	1280	3089.39	13.927	1183
Staphylococcus sp. JGI 0001002-I23_u_t	1157683	1261.15	5.685	540
Propionibacteriaceae_u_t	31957	197.75	0.8909999999999999	19
Rothia mucilaginosa	43675	117.87	0.5309999999999999	518
Staphylococcus_u_t	1279	108.23	0.488	49
Streptococcus_u_t	1301	98.35	0.443	20