Name	Tax ID	Abundance Score	Relative Abundance	% Unique Matches	% Total Matches	Unique Matches Frequency
Malassezia globosa CBS 7966	425265	10826.53	95.059	0.639973	0.640024	260026
Malassezia restricta CBS 7877	425264	302.78	2.658	0.029771	0.030088	7052
Balansia obtecta B249	1405085	203.66	1.788	0.017893	0.017654	6833
Malassezia sympodialis ATCC 42132	1230383	56.29	0.494	0.006884	0.006882	1540