Name	Tax ID	Abundance Score	Relative Abundance	Unique Matches Frequency
Staphylococcus	1279	5921.639999999999	74.156	2038
Cutibacterium	1912216	1155.67	14.472	57
Micrococcus	1269	691.98	8.666	803
Rothia	32207	137.86	1.7260000000000002	1608
Neisseriaceae_u_g	481	78.25	0.98	28