Name	Tax ID	Abundance Score	Relative Abundance	Unique Matches Frequency
Staphylococcus	1279	18192.84	88.46900000000001	35514
Corynebacterium	1716	1638.87	7.970000000000001	13957
Actinomyces	1654	510.22	2.481	9428
Propionibacteriaceae_u_g	31957	141.77	0.6890000000000001	6
Bacillus	1386	80.59	0.392	13