Name	Tax ID	Abundance Score	Relative Abundance	% Unique Matches	% Total Matches	Unique Matches Frequency
Malassezia restricta CBS 7877	425264	47.48	71.38799999999999	0.006522	0.006627	1018
Malassezia globosa CBS 7966	425265	10.27	15.440999999999999	0.001732	0.001732	275
Balansia obtecta B249	1405085	8.76	13.171	0.001387	0.001468	307