Name	Tax ID	Abundance Score	Relative Abundance	% Unique Matches	% Total Matches	Unique Matches Frequency
Malassezia restricta CBS 7877	425264	185.07	65.672	0.021996	0.022121	3139
Balansia obtecta B249	1405085	38.98	13.832	0.005502	0.005559	851
Trichoderma	5543	27.01	9.584	0.003764	0.003949	188
Puccinia arachidis	333523	12.97	4.601999999999999	0.001655	0.001827	576
Malassezia globosa CBS 7966	425265	12.37	4.389	0.002076	0.002136	298
Alternaria arborescens EGS 39-128	1122867	5.41	1.92	0.001036	0.001244	145