Name	Tax ID	Abundance Score	Relative Abundance	Unique Matches Frequency
Staphylococcaceae	90964	8565.739999999998	93.30499999999999	2226
Propionibacteriaceae	31957	272.32	2.9659999999999997	58
Micrococcaceae	1268	248.97000000000003	2.7119999999999997	715
Actinomycetaceae	2049	93.42	1.018	1978