Name	Tax ID	Abundance Score	Relative Abundance	% Unique Matches	% Total Matches	Unique Matches Frequency
Balansia obtecta B249	1405085	909.92	72.587	0.040655	0.039784	41593
Malassezia restricta CBS 7877	425264	329.85	26.313	0.036996	0.037017	5325
Malassezia globosa CBS 7966	425265	13.78	1.099	0.002282	0.002358	324