Name	Tax ID	Abundance Score	Relative Abundance	% Unique Matches	% Total Matches	Unique Matches Frequency
Malassezia restricta CBS 7877	425264	2662.16	69.068	0.213904	0.213972	51853
Malassezia globosa CBS 7966	425265	901.37	23.385	0.082674	0.08278	17867
Balansia obtecta B249	1405085	233.69	6.063000000000001	0.008062	0.00801	13972
Melampsora pinitorqua Mpini7	1298852	22.25	0.577	0.001134	0.00271	1695
Alternaria alternata	5599	14.5	0.376	0.002166	0.002791	452
Malassezia sympodialis ATCC 42132	1230383	13.08	0.33899999999999997	0.002004	0.002039	403
Debaryomyces hansenii CBS767	284592	7.36	0.191	0.001248	0.001304	238