Name	Tax ID	Abundance Score	Relative Abundance	Unique Matches Frequency
Propionibacteriales	85009	263803.79	70.368	734
Bacillales	1385	110415.83	29.451999999999998	130148
Enterobacterales	91347	330.9	0.08800000000000001	391
Caulobacterales	204458	132.86	0.034999999999999996	2166
Micrococcales	85006	127.81	0.034	30
Lactobacillales	186826	82.13	0.022000000000000002	149