Name	Tax ID	Abundance Score	Relative Abundance	Unique Matches Frequency
Firmicutes	1239	195070.5	84.843	18904
Actinobacteria	201174	34274.84000000001	14.909999999999997	201404
Proteobacteria	1224	439.5	0.19099999999999998	3092
Bacteroidetes	976	131.08	0.056999999999999995	11