Name	Tax ID	Abundance Score	Relative Abundance	Unique Matches Frequency
Firmicutes	1239	194532.74	52.273	146693
Actinobacteria	201174	177314.16999999998	47.64500000000001	1890520
Proteobacteria	1224	222.52	0.06	131
Bacteroidetes	976	82.26	0.022000000000000002	152