Name	Tax ID	Abundance Score	Relative Abundance	Unique Matches Frequency
Firmicutes	1239	20653.11	57.472	46390
Actinobacteria	201174	14994.29	41.724000000000004	77498
Proteobacteria	1224	289.43	0.8049999999999999	173