Name	Tax ID	Abundance Score	Relative Abundance	Unique Matches Frequency
Actinobacteria	201174	693539.1	98.30699999999999	65365
Firmicutes	1239	11595.650000000001	1.644	3176
Proteobacteria	1224	355.65	0.049999999999999996	1930