Name	Tax ID	Abundance Score	Relative Abundance	% Unique Matches	% Total Matches	Unique Matches Frequency
Human polyomavirus 6	746830	256.25	26.361	0.032299	0.032299	300
Human immunodeficiency virus 1	11676	231.94	23.86	0.039216	0.039216	153
Staphylococcus phage StB20	1147043	184.3	18.96	0.022663	0.022663	1035
Human papillomavirus type 112	915427	166.66	17.145	0.024837	0.024837	250
Equine infectious anemia virus	11665	132.92	13.674	0.020502	0.020502	218