Name	Tax ID	Abundance Score	Relative Abundance	Unique Matches Frequency
Propionibacteriales	85009	229261.08000000002	82.361	166060
Bacillales	1385	29542.68	10.613	4633
Corynebacteriales	85007	18408.579999999998	6.614000000000002	10500
Micrococcales	85006	504.14	0.181	1875
Lactobacillales	186826	302.89	0.10900000000000001	2014
Caulobacterales	204458	252.21	0.091	4185
Neisseriales	206351	86.88	0.031	14