Name	Tax ID	Abundance Score	Relative Abundance	% Unique Matches	% Total Matches	Unique Matches Frequency
Malassezia restricta CBS 7877	425264	3417.2	84.942	0.244891	0.245652	77093
Malassezia globosa CBS 7966	425265	462.28	11.491	0.048874	0.049045	7792
Balansia obtecta B249	1405085	127.06	3.1579999999999995	0.008687	0.008798	6019
Melampsora pinitorqua Mpini7	1298852	16.46	0.409	0.001839	0.004285	804