Name	Tax ID	Abundance Score	Relative Abundance	Unique Matches Frequency
Staphylococcus aureus	1280	1479.09	58.896	20
Kocuria rhizophila	72000	245.89	9.791	2506
Staphylococcus_u_s	1279	223.43	8.896999999999998	28
Micrococcus luteus	1270	202.68	8.07	91
Propionibacteriaceae_u_s	31957	145.94	5.811	10
Kocuria_u_s	57493	135.66	5.402	31
Staphylococcus capitis	29388	78.69	3.1329999999999996	35