Name	Tax ID	Abundance Score	Relative Abundance	Unique Matches Frequency
Bacillales	1385	847177.2099999998	96.57499999999997	34929
Propionibacteriales	85009	24451.41	2.788	11537
Micrococcales	85006	2748.81	0.314	4727
Corynebacteriales	85007	1088.96	0.125	7393
Rhodospirillales	204441	811.16	0.092	8728
Tissierellales	1737405	490.38	0.056	5095
Lactobacillales	186826	185.05	0.021	5241
Neisseriales	206351	159.76	0.018000000000000002	53
Veillonellales	1843489	111.44	0.013	10