Name	Tax ID	Abundance Score	Relative Abundance	Unique Matches Frequency
Corynebacteriaceae	1653	403.33000000000004	61.882000000000005	2936
Propionibacteriaceae	31957	131.34	20.151	144
Micrococcaceae	1268	117.1	17.965999999999998	41