Name	Tax ID	Abundance Score	Relative Abundance	% Unique Matches	% Total Matches	Unique Matches Frequency
Malassezia restricta CBS 7877	425264	26124.67	79.229	0.812526	0.813496	915314
Malassezia globosa CBS 7966	425265	6223.35	18.874	0.437466	0.437606	128216
Balansia obtecta B249	1405085	533.46	1.6179999999999999	0.032897	0.032236	21509
Melampsora pinitorqua Mpini7	1298852	55.77	0.169	0.002613	0.009675	3727
[Candida] glabrata	5478	24.48	0.074	0.001137	0.001137	165
Malassezia	55193	11.98	0.036000000000000004	0.001766	0.001917	44