Name	Tax ID	Abundance Score	Relative Abundance	Unique Matches Frequency
Bacillales	1385	18273.43	88.861	35527
Corynebacteriales	85007	1638.87	7.970000000000001	13957
Actinomycetales	2037	510.22	2.481	9428
Propionibacteriales	85009	141.77	0.6890000000000001	6