Name	Tax ID	Abundance Score	Relative Abundance	Unique Matches Frequency
Bacilli	91061	5921.639999999999	74.156	2038
Actinobacteria	201174	1985.5100000000002	24.864	2468
Betaproteobacteria	28216	78.25	0.98	28