Name	Tax ID	Abundance Score	Relative Abundance	Unique Matches Frequency
Corynebacterium	1716	2119.39	49.124	14241
Staphylococcus	1279	1325.29	30.718000000000004	229
Acinetobacter	469	227.07	5.263	54
Prevotella	838	168.37	3.903	1216
Streptococcus	1301	152.39	3.5319999999999996	10
Propionibacteriaceae_u_g	31957	126.67	2.936	250
Actinomyces	1654	98.18	2.276	2196
Finegoldia	150022	97	2.248	136