Name	Tax ID	Abundance Score	Relative Abundance	Unique Matches Frequency
Propionibacteriaceae_u_g	31957	1236025.43	70.06700000000001	2324
Cutibacterium	1912216	484457.15	27.461999999999996	70941
Staphylococcus	1279	31391.670000000002	1.7799999999999998	14392
Micrococcus	1269	9754.53	0.553	24290
Corynebacterium	1716	1993.94	0.11399999999999999	16847
Caulobacter	75	175.27	0.01	3076
Acinetobacter	469	124.11	0.006999999999999999	88
Pseudomonas	286	129.71	0.006999999999999999	254