Name	Tax ID	Abundance Score	Relative Abundance	Unique Matches Frequency
Staphylococcus capitis C87	435838	3655.16	45.773	2010
Staphylococcus epidermidis	1282	2266.48	28.383000000000003	28
Propionibacterium acnes HL110PA4	765080	1155.67	14.472	57
Micrococcus luteus	1270	691.98	8.666	803
Rothia dentocariosa M567	563032	137.86	1.7260000000000002	1608
Neisseriaceae_u_t	481	78.25	0.98	28