Name	Tax ID	Abundance Score	Relative Abundance	% Unique Matches	% Total Matches	Unique Matches Frequency
Malassezia restricta CBS 7877	425264	9520.32	97.96000000000001	0.622553	0.623463	201263
Balansia obtecta B249	1405085	121.78	1.253	0.011278	0.011191	4287
Malassezia globosa CBS 7966	425265	46.86	0.482	0.006624	0.006829	914
Melampsora pinitorqua Mpini7	1298852	29.62	0.305	0.002842	0.008202	1446