Name	Tax ID	Abundance Score	Relative Abundance	% Unique Matches	% Total Matches	Unique Matches Frequency
Human immunodeficiency virus 1	11676	663.08	54.848	0.045956	0.045956	683
Staphylococcus phage StB20	1147043	191.93	15.876000000000001	0.028045	0.028045	685
Equine infectious anemia virus	11665	191.76	15.862000000000002	0.018813	0.018813	446
Siphoviridae	10699	162.17	13.414000000000001	0.022529	0.022529	62