Name	Tax ID	Abundance Score	Relative Abundance	% Unique Matches	% Total Matches	Unique Matches Frequency
Malassezia restricta CBS 7877	425264	4886.06	79.662	0.36286	0.363918	95038
Balansia obtecta B249	1405085	1208.69	19.706000000000003	0.043337	0.042357	58783
Melampsora pinitorqua Mpini7	1298852	19.74	0.322	0.002092	0.005983	971
Malassezia globosa CBS 7966	425265	19.02	0.31	0.003022	0.003243	420