Name	Tax ID	Abundance Score	Relative Abundance	Unique Matches Frequency
Cutibacterium acnes	1747	8500.97	38.322	53
Staphylococcus capitis	29388	5204.22	23.46	1977
Staphylococcus epidermidis	1282	3605.28	16.252	328
Staphylococcus aureus	1280	3089.39	13.927	1183
Staphylococcus sp. JGI 0001002-I23	1157683	1261.15	5.685	540
Propionibacteriaceae_u_s	31957	197.75	0.8909999999999999	19
Rothia mucilaginosa	43675	117.87	0.5309999999999999	518
Staphylococcus_u_s	1279	108.23	0.488	49
Streptococcus_u_s	1301	98.35	0.443	20