Name	Tax ID	Abundance Score	Relative Abundance	Unique Matches Frequency
Staphylococcaceae	90964	21794.539999999994	86.318	13013
Micrococcaceae	1268	1949.21	7.720000000000001	1546
Corynebacteriaceae	1653	822.47	3.258	4183
Aerococcaceae	186827	185.97	0.737	1891
Moraxellaceae	468	164.16	0.65	8
Pseudomonadaceae	135621	145	0.5740000000000001	2749
Propionibacteriaceae	31957	105.84	0.41900000000000004	215
Aeromonadaceae	84642	81.69	0.32399999999999995	16