Name	Tax ID	Abundance Score	Relative Abundance	Unique Matches Frequency
Actinobacteria	201174	39303.759999999995	62.003999999999984	336673
Bacilli	91061	13746.62	21.685999999999996	76580
Alphaproteobacteria	28211	7286.63	11.494	134846
Gammaproteobacteria	1236	1671.5399999999997	2.6359999999999997	8454
Betaproteobacteria	28216	537.5600000000001	0.8480000000000001	934
Tissierellia	1737404	384	0.606	1349
Bacteroidia	200643	372.82	0.588	7978
Negativicutes	909932	86.68	0.13699999999999998	13