Name	Tax ID	Abundance Score	Relative Abundance	Unique Matches Frequency
Staphylococcus	1279	74450.03	42.446000000000005	34085
Propionibacterium	1743	49839.37	28.415	346715
Cutibacterium	1912216	41116.600000000006	23.442	51523
Corynebacterium	1716	9378.5	5.3469999999999995	603240
Propionibacteriaceae_u_g	31957	217.5	0.124	486
Alloiococcus	1651	143.83	0.082	2204
Caulobacter	75	138.35	0.079	2450
Streptococcus	1301	113.43	0.065	10