Name	Tax ID	Abundance Score	Relative Abundance	Unique Matches Frequency
Propionibacteriales	85009	563310.78	71.783	16424
Bacillales	1385	159500.52	20.326	17523
Corynebacteriales	85007	60616.38	7.7250000000000005	1022338
Lactobacillales	186826	567.49	0.07200000000000001	8226
Micrococcales	85006	237.4	0.03	433
Caulobacterales	204458	231.19	0.029	4029
Tissierellales	1737405	185.89	0.024	103
Bacteroidales	171549	94.8	0.012	2751