Name	Tax ID	Abundance Score	Relative Abundance	Unique Matches Frequency
Staphylococcaceae	90964	18192.84	88.46900000000001	35514
Corynebacteriaceae	1653	1638.87	7.970000000000001	13957
Actinomycetaceae	2049	510.22	2.481	9428
Propionibacteriaceae	31957	141.77	0.6890000000000001	6
Bacillaceae	186817	80.59	0.392	13