Name	Tax ID	Abundance Score	Relative Abundance	Unique Matches Frequency
Firmicutes	1239	165171.50000000003	62.659000000000006	1077491
Actinobacteria	201174	81487.79000000001	30.913999999999998	431758
Bacteroidetes	976	15608.23	5.922000000000001	407834
Proteobacteria	1224	1326.74	0.503	8456