Name	Tax ID	Abundance Score	Relative Abundance	% Unique Matches	% Total Matches	Unique Matches Frequency
Staphylococcus phage StB20	1147043	3413.71	63.587	0.234891	0.231546	19899
Human immunodeficiency virus 1	11676	948.09	17.66	0.045956	0.045956	1032
Equine infectious anemia virus	11665	349.65	6.512999999999999	0.018813	0.018813	948
Staphylococcus phage Ipla7	1197953	163.78	3.0509999999999997	0.01844	0.022129	662
Staphylococcus phage Ipla5	1197952	159.11	2.964	0.015934	0.023508	526
Staphylococcus phage CNPH82	398839	135.72	2.528	0.015194	0.023301	455
Human papillomavirus 167	1420545	84.94	1.582	0.018819	0.018819	73
Propionibacterium phage P100_1	1229791	72.17	1.344	0.011538	0.01614	36
Human papillomavirus type 136	1070409	41.43	0.772	0.01059	0.01059	40