Name	Tax ID	Abundance Score	Relative Abundance	Unique Matches Frequency
Corynebacterium sp. KPL1856_u_t	1203563	738.85	31.387999999999998	15
Staphylococcus_u_t	1279	477.04	20.266000000000002	56
Staphylococcus capitis	29388	290.8	12.354	62
Staphylococcus aureus subsp. aureus 21311	904761	274.13	11.645999999999999	26
Propionibacteriaceae_u_t	31957	224.76	9.548	9
Corynebacterium pseudogenitalium ATCC 33035	525264	198.07	8.415000000000001	1272
Staphylococcus haemolyticus R1P1	1134914	150.25	6.383	69