Name	Tax ID	Abundance Score	Relative Abundance	Unique Matches Frequency
Propionibacteriaceae_u_s	31957	1039.6	23.379	89
Staphylococcus_u_s	1279	876.76	19.717000000000002	125
Staphylococcus capitis	29388	842.26	18.941	499
Micrococcus luteus	1270	653.89	14.704999999999998	1161
Enhydrobacter aerosaccus	225324	386.32	8.688	4349
Staphylococcus aureus	1280	210.91	4.743	54
Corynebacterium pseudogenitalium	38303	194.59	4.376	1538
Acinetobacter_u_s	469	136.33	3.066	129
Aeromonas_u_s	642	106.04	2.385	298