Name	Accession ID	Class	Abundance Score	Relative Abundance	% Unique Matches	% Total Matches	Unique Matches Frequency
Staphylococcus aureus GI 33390919		-	27824.91	61.167	0.839196	0.88961	2990
Staphylococcus aureus GENE thyA		-	6279.33	13.804	0.84542	0.84542	776
Staphylococcus aureus GI 33390939		-	4222.01	9.281	0.666667	0.666667	109
Staphylococcus epidermidis GeneID SEA1545		-	3909.54	8.594	0.585586	0.585586	296
Staphylococcus aureus GI 33390920		-	3254.27	7.154000000000001	0.624204	0.624204	132