Name	Tax ID	Abundance Score	Relative Abundance	Unique Matches Frequency
Actinobacteria	201174	559.61	41.117999999999995	1808
Proteobacteria	1224	475.78999999999996	34.958999999999996	8582
Firmicutes	1239	325.58	23.922	2535