Name	Tax ID	Abundance Score	Relative Abundance	Unique Matches Frequency
Staphylococcaceae	90964	20092.489999999998	43.49900000000001	3317
Corynebacteriaceae	1653	14007.55	30.325000000000003	29
Propionibacteriaceae	31957	12091.049999999997	26.176000000000002	14711