Name	Tax ID	Abundance Score	Relative Abundance	% Unique Matches	% Total Matches	Unique Matches Frequency
Human immunodeficiency virus 1	11676	143.85	34.324	0.023284	0.023284	125
Streptococcus phage DCC1738	1448273	105.59	25.195	0.025373	0.016387	333
Siphoviridae	10699	102.82	24.534	0.022892	0.022892	63
Human papillomavirus type 5	333923	66.83	15.946	0.015539	0.015539	59