Name	Tax ID	Abundance Score	Relative Abundance	Unique Matches Frequency
Bacilli	91061	37903.740000000005	49.626	11872
Actinobacteria	201174	27953.760000000002	36.599000000000004	85030
Gammaproteobacteria	1236	6978.28	9.136	117019
Tissierellia	1737404	2690.79	3.523	24293
Fusobacteriia	203490	462.76	0.606	1212
Clostridia	186801	215.75	0.28200000000000003	1629
Bacteroidia	200643	173.05	0.22699999999999998	81