Name	Tax ID	Abundance Score	Relative Abundance	Unique Matches Frequency
Actinobacteria	201174	61037.21	74.01300000000002	315216
Firmicutes	1239	15383.250000000004	18.657	70945
Bacteroidetes	976	3276.8099999999995	3.9750000000000005	37942
Proteobacteria	1224	2771.1500000000005	3.36	24734