Name	Tax ID	Abundance Score	Relative Abundance	% Unique Matches	% Total Matches	Unique Matches Frequency
Staphylococcus phage 3A	215167	619.14	29.294999999999998	0.014622	0.085847	36
Staphylococcus phage tp310-2	445516	610.7	28.896	0.018583	0.082914	99
Staphylococcus phage 42E	320837	545.58	25.814999999999998	0.010487	0.07606	48
Phietavirus	1623298	135.67	6.419	0.016274	0.028044	29
Merkel cell polyomavirus	493803	114.48	5.417000000000001	0.025651	0.025767	67
Staphylococcus phage phiPVL-CN125	648017	47.44	2.245	0.013699	0.010359	16
Staphylococcus phage ROSA	320843	40.43	1.913	0.010086	0.010146	20