Name	Tax ID	Abundance Score	Relative Abundance	% Unique Matches	% Total Matches	Unique Matches Frequency
Balansia obtecta B249	1405085	4764.72	55.818999999999996	0.043474	0.04248	262712
Malassezia restricta CBS 7877	425264	2931.49	34.342	0.258477	0.2587	43522
Malassezia globosa CBS 7966	425265	829.44	9.717	0.083796	0.083876	12858
Debaryomyces hansenii CBS767	284592	10.42	0.122	0.001812	0.001799	248