Name	Tax ID	Abundance Score	Relative Abundance	Unique Matches Frequency
Actinobacteria	201174	26098.6	56.501000000000005	14740
Bacilli	91061	20092.489999999998	43.49900000000001	3317