Name	Tax ID	Abundance Score	Relative Abundance	Unique Matches Frequency
Actinobacteria	201174	67714.05999999998	61.819	2361946
Proteobacteria	1224	20675.550000000003	18.877000000000002	88193
Firmicutes	1239	20480.480000000007	18.695000000000004	41611
Bacteroidetes	976	664.1999999999999	0.607	5226