Name	Tax ID	Abundance Score	Relative Abundance	Unique Matches Frequency
Actinobacteria	201174	1732231.05	98.196	114402
Bacilli	91061	31391.670000000002	1.7799999999999998	14392
Gammaproteobacteria	1236	253.82	0.013999999999999999	342
Alphaproteobacteria	28211	175.27	0.01	3076