Name	Tax ID	Abundance Score	Relative Abundance	% Unique Matches	% Total Matches	Unique Matches Frequency
Malassezia restricta CBS 7877	425264	422.42	63.158	0.045574	0.045846	6813
Balansia obtecta B249	1405085	217.3	32.49	0.023113	0.0227	5139
Malassezia globosa CBS 7966	425265	29.11	4.352	0.004335	0.004418	624