Name	Tax ID	Abundance Score	Relative Abundance	Unique Matches Frequency
Actinobacteria	201174	624164.5599999999	79.53799999999998	1039195
Firmicutes	1239	160253.9	20.422	25852
Proteobacteria	1224	231.19	0.029	4029
Bacteroidetes	976	94.8	0.012	2751