Name	Tax ID	Abundance Score	Relative Abundance	Unique Matches Frequency
Staphylococcus	1279	616.28	44.495999999999995	1576
Propionibacteriaceae_u_g	31957	338.35	24.429000000000002	16
Cutibacterium	1912216	334.16999999999996	24.127000000000002	1909
Kocuria	57493	96.23	6.948	18