Name	Tax ID	Abundance Score	Relative Abundance	% Unique Matches	% Total Matches	Unique Matches Frequency
Malassezia restricta CBS 7877	425264	2495.42	94.00699999999999	0.182305	0.182839	58585
Balansia obtecta B249	1405085	141.35	5.325	0.015599	0.015319	3585
Melampsora pinitorqua Mpini7	1298852	11.98	0.451	0.001509	0.003249	556
Malassezia globosa CBS 7966	425265	5.75	0.217	0.001053	0.001244	173