Name	Tax ID	Abundance Score	Relative Abundance	% Unique Matches	% Total Matches	Unique Matches Frequency
Staphylococcus phage StB20	1147043	363.57	33.440999999999995	0.046789	0.047507	1289
Staphylococcus phage CNPH82	398839	226.04	20.791	0.024955	0.034582	311
Phietavirus	1623298	210.68	19.378	0.014029	0.032964	26
Human immunodeficiency virus 1	11676	167.24	15.383	0.031863	0.031863	105
Propionibacterium phage P14.4	1229784	119.66	11.006	0.010395	0.022088	82