Name	Tax ID	Abundance Score	Relative Abundance	Unique Matches Frequency
Actinobacteria	201174	248173.80000000002	89.15599999999999	178435
Bacilli	91061	29845.57	10.722	6647
Alphaproteobacteria	28211	252.21	0.091	4185
Betaproteobacteria	28216	86.88	0.031	14