Name	Tax ID	Abundance Score	Relative Abundance	Unique Matches Frequency
Staphylococcaceae	90964	2498.02	54.393	43
Micrococcaceae	1268	865.4300000000001	18.844	546
Rhodospirillales_u_f	204441	469.54	10.224	4176
Paenibacillaceae	186822	275.58	6.001	3020
Aerococcaceae	186827	208.34	4.536	188
Propionibacteriaceae	31957	149.67	3.259	132
Moraxellaceae	468	126.01	2.7439999999999998	121