Name	Tax ID	Abundance Score	Relative Abundance	Unique Matches Frequency
Propionibacteriaceae	31957	229261.08000000002	82.361	166060
Staphylococcaceae	90964	29542.68	10.613	4633
Corynebacteriaceae	1653	18408.579999999998	6.614000000000002	10500
Micrococcaceae	1268	504.14	0.181	1875
Caulobacteraceae	76892	252.21	0.091	4185
Streptococcaceae	1300	189.19	0.068	9
Aerococcaceae	186827	113.7	0.041	2005
Neisseriaceae	481	86.88	0.031	14