Name	Accession ID	Class	Abundance Score	Relative Abundance	% Unique Matches	% Total Matches	Unique Matches Frequency
Staphylococcus lentus GENE repC		-	5000.71	28.159	0.696056	0.696056	569
Staphylococcus aureus GI 33390919		-	4856.78	27.348	0.668342	0.74026	354
Staphylococcus lentus GENE tetK		-	3185.66	17.938000000000002	0.512782	0.512782	379
Staphylococcus lentus GI 60416745		-	2708.05	15.248999999999999	1	1	12
Staphylococcus aureus GI 33390920		-	2007.67	11.305	0.43949	0.43949	76