Name	Tax ID	Abundance Score	Relative Abundance	Unique Matches Frequency
Actinobacteria	201174	818815.9500000001	78.77500000000002	847852
Firmicutes	1239	203306.53999999995	19.56	1033327
Proteobacteria	1224	8131.889999999999	0.783	53524
Synergistetes	508458	5454.76	0.525	1330
Bacteroidetes	976	3707.6800000000003	0.356	35021