Name	Tax ID	Abundance Score	Relative Abundance	Unique Matches Frequency
Propionibacteriaceae_u_t	31957	721.21	19.944	39
Staphylococcus aureus subsp. aureus 21311	904761	715.46	19.785	69
Staphylococcus epidermidis NIHLM040	979208	671.07	18.558	193
Staphylococcus capitis QN1	1189311	668.01	18.473	219
Staphylococcus_u_t	1279	274.04	7.578	41
Staphylococcus haemolyticus R1P1	1134914	222.28	6.146999999999999	122
Corynebacterium sp. HFH0082_u_t	1078764	138.06	3.818	1590
Propionibacterium sp. KPL1844_u_t	1203573	122.15	3.3779999999999997	1106
Micrococcus luteus	1270	83.81	2.318	10