Name	Accession ID	Class	Abundance Score	Relative Abundance	% Unique Matches	% Total Matches	Unique Matches Frequency
Staphylococcus aureus GENE 1600 Branch		-	8823.4	32.335	0.494737	0.494737	95
Staphylococcus lentus GENE ermC		-	5012.18	18.368000000000002	0.732733	0.732733	445
Staphylococcus aureus GENE ica 1623 Branch		-	3940.27	14.44	1	1	8
Staphylococcus lentus GENE repL		-	3393.25	12.435	0.476852	0.476852	296
Staphylococcus aureus GI 33390919		-	3153.64	11.557	0.427136	0.597403	197
Staphylococcus aureus GI 33390975		-	1957.11	7.172000000000001	0.494118	0.494118	42
Staphylococcus lentus GI 60416748		-	1007.45	3.692	0.5	0.5	6