Name	Tax ID	Abundance Score	Relative Abundance	Unique Matches Frequency
Bacilli	91061	194454.62	52.252	146681
Actinobacteria	201174	177314.16999999998	47.64500000000001	1890520
Betaproteobacteria	28216	222.52	0.06	131
Bacteroidia	200643	82.26	0.022000000000000002	152
Negativicutes	909932	78.12	0.021	12