Name	Tax ID	Abundance Score	Relative Abundance	Unique Matches Frequency
Propionibacteriaceae	31957	91173.47000000002	51.981	398724
Staphylococcaceae	90964	74450.03	42.446000000000005	34085
Corynebacteriaceae	1653	9378.5	5.3469999999999995	603240
Carnobacteriaceae	186828	143.83	0.082	2204
Caulobacteraceae	76892	138.35	0.079	2450
Streptococcaceae	1300	113.43	0.065	10