Name	Tax ID	Abundance Score	Relative Abundance	Unique Matches Frequency
Staphylococcaceae	90964	160486.68	97.66799999999998	44895
Streptococcaceae	1300	1361.45	0.8280000000000001	4710
Micrococcaceae	1268	1147.32	0.698	11216
Actinomycetaceae	2049	438.03999999999996	0.267	3997
Corynebacteriaceae	1653	239.24	0.146	5651
Propionibacteriaceae	31957	200.07	0.122	23
Bacillales_u_f	1385	193.87	0.11800000000000001	2118
Carnobacteriaceae	186828	134.62	0.082	19
Neisseriaceae	481	117.43	0.07100000000000001	20