Name	Tax ID	Abundance Score	Relative Abundance	Unique Matches Frequency
Firmicutes	1239	40810.280000000006	53.431	37794
Actinobacteria	201174	27953.760000000002	36.599000000000004	85030
Proteobacteria	1224	6978.28	9.136	117019
Fusobacteria	32066	462.76	0.606	1212
Bacteroidetes	976	173.05	0.22699999999999998	81