Name	Tax ID	Abundance Score	Relative Abundance	Unique Matches Frequency
Corynebacteriaceae	1653	2119.39	49.124	14241
Staphylococcaceae	90964	1325.29	30.718000000000004	229
Moraxellaceae	468	227.07	5.263	54
Prevotellaceae	171552	168.37	3.903	1216
Streptococcaceae	1300	152.39	3.5319999999999996	10
Propionibacteriaceae	31957	126.67	2.936	250
Actinomycetaceae	2049	98.18	2.276	2196
Peptoniphilaceae	1570339	97	2.248	136