Name	Tax ID	Abundance Score	Relative Abundance	Unique Matches Frequency
Propionibacteriaceae	31957	690295.71	97.847	60780
Staphylococcaceae	90964	11595.650000000001	1.644	3176
Corynebacteriaceae	1653	2124.6800000000003	0.301	87
Micrococcaceae	1268	870.61	0.124	1114
Dermacoccaceae	145357	248.1	0.034999999999999996	3384
Enterobacteriaceae	543	248.04	0.034999999999999996	11
Caulobacteraceae	76892	107.61	0.015	1919