Name	Tax ID	Abundance Score	Relative Abundance	% Unique Matches	% Total Matches	Unique Matches Frequency
Malassezia restricta CBS 7877	425264	2403.7	85.37400000000001	0.211626	0.212167	38123
Balansia obtecta B249	1405085	351.96	12.501000000000001	0.020941	0.020756	15373
Malassezia globosa CBS 7966	425265	47.18	1.6760000000000002	0.006594	0.006768	956
Melampsora pinitorqua Mpini7	1298852	12.64	0.449	0.001172	0.00334	795