Name	Tax ID	Abundance Score	Relative Abundance	Unique Matches Frequency
Staphylococcaceae	90964	5921.639999999999	74.156	2038
Propionibacteriaceae	31957	1155.67	14.472	57
Micrococcaceae	1268	829.84	10.392000000000001	2411
Neisseriaceae	481	78.25	0.98	28