Name	Tax ID	Abundance Score	Relative Abundance	Unique Matches Frequency
Bacillales	1385	8565.739999999998	93.30499999999999	2226
Propionibacteriales	85009	272.32	2.9659999999999997	58
Micrococcales	85006	248.97000000000003	2.7119999999999997	715
Actinomycetales	2037	93.42	1.018	1978