Name	Tax ID	Abundance Score	Relative Abundance	Unique Matches Frequency
Firmicutes	1239	5921.639999999999	74.156	2038
Actinobacteria	201174	1985.5100000000002	24.864	2468
Proteobacteria	1224	78.25	0.98	28