Name	Tax ID	Abundance Score	Relative Abundance	Unique Matches Frequency
Actinobacteria	201174	1017005.3100000003	93.04700000000004	85509
Firmicutes	1239	75154.56000000001	6.873999999999999	52851
Proteobacteria	1224	829.61	0.07600000000000001	7037