Name	Accession ID	Class	Abundance Score	Relative Abundance	% Unique Matches	% Total Matches	Unique Matches Frequency
Staphylococcus aureus GI 33390919		-	26045.28	41.160999999999994	0.819095	0.883117	3000
Staphylococcus aureus GENE qacC		-	11140.5	17.605999999999998	1	1	806
Staphylococcus aureus GI 33390940		-	7084.31	11.196	0.598109	0.598109	1338
Staphylococcus aureus GI 33390920		-	5391.54	8.520999999999999	0.605096	0.605096	419
Proteus mirabilis GENE tnpA		-	4931.97	7.794	0.8	0.8	75
Staphylococcus aureus GENE blaI		-	3130.53	4.947	0.502646	0.502646	212
Staphylococcus epidermidis GeneID SEA1545		-	2844.29	4.495	0.563063	0.563063	125
Staphylococcus lentus GI 60416745		-	2708.05	4.279999999999999	1	1	12