Name	Tax ID	Abundance Score	Relative Abundance	Unique Matches Frequency
Bacilli	91061	2550.8599999999997	70.541	644
Actinobacteria	201174	1065.23	29.458000000000002	2745