Name	Tax ID	Abundance Score	Relative Abundance	Unique Matches Frequency
Firmicutes	1239	90305.03000000004	49.95999999999999	194816
Actinobacteria	201174	80825.90999999997	44.712999999999994	1077837
Proteobacteria	1224	9243.060000000001	5.112	28707
Bacteroidetes	976	389.59	0.216	11253