Name	Tax ID	Abundance Score	Relative Abundance	Unique Matches Frequency
Firmicutes	1239	68630.15000000001	93.481	11551
Proteobacteria	1224	2731.3300000000004	3.721	11381
Actinobacteria	201174	2053.18	2.796	4476