Name	Tax ID	Abundance Score	Relative Abundance	Unique Matches Frequency
Corynebacteriales	85007	7842.54	55.57600000000001	29743
Bacillales	1385	5872.23	41.614	12263
Actinomycetales	2037	110.9	0.786	33
Tissierellales	1737405	108.66	0.77	46
Bacteroidales	171549	94.73	0.6709999999999999	616
Propionibacteriales	85009	82.35	0.584	152