Name	Tax ID	Abundance Score	Relative Abundance	% Unique Matches	% Total Matches	Unique Matches Frequency
Malassezia restricta CBS 7877	425264	1046.66	87.46000000000001	0.102976	0.103075	16064
Balansia obtecta B249	1405085	88.13	7.364	0.011103	0.010895	1923
Malassezia globosa CBS 7966	425265	53.99	4.511	0.007395	0.007454	1089
Debaryomyces hansenii CBS767	284592	7.95	0.664	0.001424	0.001453	206