Name	Accession ID	Class	Abundance Score	Relative Abundance	% Unique Matches	% Total Matches	Unique Matches Frequency
Staphylococcus aureus GI 33390919		-	5399.09	25.7	0.628141	0.63961	460
Staphylococcus lentus GENE repC		-	4122.26	19.622	0.584687	0.584687	491
Vibrio cholerae GENE intI1		-	2788.09	13.270999999999999	1	1	13
Klebsiella pneumoniae GENE tnp		-	2744.92	13.065999999999999	0.559585	0.559585	108
Enterococcus faecium GI 21886745		-	2729.87	12.994	1	0.491961	34
Staphylococcus aureus GI 33390939		-	1633.83	7.777000000000001	0.5	0.5	21
Staphylococcus lentus GI 60416745		-	1590.31	7.57	0.583333	0.583333	13