Name	Tax ID	Abundance Score	Relative Abundance	Unique Matches Frequency
Bacilli	91061	21980.509999999995	87.05499999999999	14904
Actinobacteria	201174	2877.52	11.397	5944
Gammaproteobacteria	1236	390.84999999999997	1.548	2773