Name	Tax ID	Abundance Score	Relative Abundance	Unique Matches Frequency
Bacillales	1385	1049.76	48.875	316
Propionibacteriales	85009	459.43	21.39	30
Corynebacteriales	85007	187.48	8.729000000000001	4540
Micrococcales	85006	160.17	7.457	1048
Neisseriales	206351	110.82	5.16	36
Tissierellales	1737405	99.27	4.622	82
Veillonellales	1843489	80.92	3.7670000000000003	13