Name	Tax ID	Abundance Score	Relative Abundance	% Unique Matches	% Total Matches	Unique Matches Frequency
Balansia obtecta B249	1405085	69.97	57.803000000000004	0.008687	0.00874	1684
Malassezia restricta CBS 7877	425264	43.62	36.035000000000004	0.006208	0.00623	865
Malassezia globosa CBS 7966	425265	7.46	6.162999999999999	0.001358	0.001373	190