Name	Tax ID	Abundance Score	Relative Abundance	Unique Matches Frequency
Firmicutes	1239	847964.0799999998	96.66499999999998	45275
Actinobacteria	201174	28289.18	3.227	23657
Proteobacteria	1224	970.92	0.11000000000000001	8781