Name	Tax ID	Abundance Score	Relative Abundance	% Unique Matches	% Total Matches	Unique Matches Frequency
Balansia obtecta B249	1405085	1328.55	59.163	0.042705	0.041757	66394
Malassezia restricta CBS 7877	425264	876.07	39.013	0.087517	0.087671	13687
Malassezia globosa CBS 7966	425265	40.95	1.8239999999999998	0.005884	0.005951	814