Name	Tax ID	Abundance Score	Relative Abundance	% Unique Matches	% Total Matches	Unique Matches Frequency
Malassezia restricta CBS 7877	425264	3588.68	69.896	0.290595	0.291301	62738
Balansia obtecta B249	1405085	1494.99	29.118	0.043726	0.042726	75995
Malassezia globosa CBS 7966	425265	39.85	0.776	0.005739	0.005913	799
Melampsora pinitorqua Mpini7	1298852	10.81	0.211	0.001594	0.004597	399