Name	Tax ID	Abundance Score	Relative Abundance	% Unique Matches	% Total Matches	Unique Matches Frequency
Malassezia restricta CBS 7877	425264	13141.41	81.972	0.738274	0.739043	323566
Malassezia globosa CBS 7966	425265	2137.96	13.336	0.192472	0.19263	33402
Balansia obtecta B249	1405085	706.4	4.406000000000001	0.041356	0.040463	28340
Melampsora pinitorqua Mpini7	1298852	36.94	0.22999999999999998	0.003157	0.009513	1903
Malassezia	55193	8.84	0.055	0.001962	0.002266	28