Name	Tax ID	Abundance Score	Relative Abundance	% Unique Matches	% Total Matches	Unique Matches Frequency
Human papillomavirus type 50	40539	283483.2	95.418	0.715261	0.715261	451942
Staphylococcus phage StB20	1147043	7547.95	2.541	0.223229	0.220948	62613
Staphylococcus phage Ipla7	1197953	2122.68	0.714	0.151547	0.240464	4444
Staphylococcus phage PH15	399185	1384.26	0.466	0.082474	0.170914	5000
Staphylococcus phage Ipla5	1197952	1197.36	0.40299999999999997	0.079591	0.165	3906
Staphylococcus phage CNPH82	398839	987.2	0.332	0.077883	0.181637	2581
Propionibacterium phage PHL113M01	1235655	151.65	0.051000000000000004	0.011654	0.02931	41
Human papillomavirus type 166	1315259	122.19	0.041	0.025053	0.025053	103
Merkel cell polyomavirus	493803	100.18	0.034	0.022205	0.023115	58