Name	Tax ID	Abundance Score	Relative Abundance	Unique Matches Frequency
Staphylococcus	1279	8565.739999999998	93.30499999999999	2226
Propionibacteriaceae_u_g	31957	272.32	2.9659999999999997	58
Rothia	32207	248.97000000000003	2.7119999999999997	715
Actinomyces	1654	93.42	1.018	1978