Name	Tax ID	Abundance Score	Relative Abundance	% Unique Matches	% Total Matches	Unique Matches Frequency
Malassezia restricta CBS 7877	425264	767.13	64.90700000000001	0.075384	0.075579	13255
Balansia obtecta B249	1405085	326.79	27.650000000000002	0.027654	0.027176	10362
Malassezia globosa CBS 7966	425265	87.97	7.443	0.010921	0.011002	1850