Name	Tax ID	Abundance Score	Relative Abundance	% Unique Matches	% Total Matches	Unique Matches Frequency
Staphylococcus phage Ipla7	1197953	710.17	34.597	0.052883	0.109552	687
Staphylococcus phage StB20	1147043	386.34	18.820999999999998	0.051794	0.051195	1311
Staphylococcus phage PH15	399185	317.16	15.451	0.029946	0.07752	407
Staphylococcus phage Ipla5	1197952	285.9	13.927999999999999	0.02515	0.075588	451
Staphylococcus phage CNPH82	398839	245.32	11.951	0.025156	0.07898	373
Staphylococcus phage StB12	1147042	107.83	5.253	0.011946	0.019849	323