Name	Tax ID	Abundance Score	Relative Abundance	% Unique Matches	% Total Matches	Unique Matches Frequency
Staphylococcus phage Ipla7	1197953	1126.58	31.298	0.083086	0.19207	1247
Staphylococcus phage PH15	399185	907.69	25.217	0.08542	0.15999	1701
Staphylococcus phage StB20	1147043	670.59	18.63	0.07474	0.074086	2918
Staphylococcus phage Ipla5	1197952	557.22	15.479999999999999	0.0528	0.142038	1259
Staphylococcus phage CNPH82	398839	269.47	7.486	0.028879	0.13998	483
Human papillomavirus type 112	915427	68	1.889	0.015163	0.015163	69