Name	Tax ID	Abundance Score	Relative Abundance	Unique Matches Frequency
Firmicutes	1239	70349.21	95.00699999999999	24693
Actinobacteria	201174	3535.8000000000006	4.775	10680
Bacteroidetes	976	161.43	0.218	12