Name	Tax ID	Abundance Score	Relative Abundance	Unique Matches Frequency
Actinobacteria	201174	8035.79	56.94600000000001	29928
Bacilli	91061	5872.23	41.614	12263
Tissierellia	1737404	108.66	0.77	46
Bacteroidia	200643	94.73	0.6709999999999999	616