Name	Tax ID	Abundance Score	Relative Abundance	% Unique Matches	% Total Matches	Unique Matches Frequency
Malassezia restricta CBS 7877	425264	2321.86	91.5	0.182466	0.182953	48728
Balansia obtecta B249	1405085	192.82	7.599	0.019455	0.019035	5370
Malassezia globosa CBS 7966	425265	13.47	0.5309999999999999	0.002129	0.002281	375
Melampsora pinitorqua Mpini7	1298852	9.39	0.37	0.001226	0.00303	452