Name	Tax ID	Abundance Score	Relative Abundance	Unique Matches Frequency
Bacilli	91061	15959.37	44.411	3721
Actinobacteria	201174	14994.29	41.724000000000004	77498
Tissierellia	1737404	4459.31	12.407999999999998	41671
Gammaproteobacteria	1236	289.43	0.8049999999999999	173
Clostridia	186801	127.85	0.356	346
Erysipelotrichia	526524	106.58	0.297	652