Name	Tax ID	Abundance Score	Relative Abundance	% Unique Matches	% Total Matches	Unique Matches Frequency
Merkel cell polyomavirus	493803	6606.67	70.32300000000001	0.69487	0.69387	3654
Staphylococcus phage StB20	1147043	1715.5	18.26	0.183003	0.18438	5410
Staphylococcus phage PH15	399185	255.46	2.719	0.02291	0.046513	388
Staphylococcus phage CNPH82	398839	208.56	2.22	0.036325	0.03345	492
Staphylococcus phage Ipla5	1197952	193.9	2.064	0.02515	0.037128	343
Staphylococcus phage tp310-2	445516	155.95	1.66	0.0676	0.026952	258
Staphylococcus phage Ipla7	1197953	123.48	1.314	0.011975	0.034095	144
Propionibacterium phage PHL113M01	1235655	91.57	0.975	0.010233	0.019482	36
Pa6virus	1982251	43.6	0.464	0.010753	0.010753	9