Name	Tax ID	Abundance Score	Relative Abundance	Unique Matches Frequency
Actinobacteria	201174	893.6600000000001	84.16100000000002	1364
Bacilli	91061	168.18	15.838999999999999	60