Name	Tax ID	Abundance Score	Relative Abundance	Unique Matches Frequency
Bacillales	1385	20092.489999999998	43.49900000000001	3317
Corynebacteriales	85007	14007.55	30.325000000000003	29
Propionibacteriales	85009	12091.049999999997	26.176000000000002	14711