Name	Tax ID	Abundance Score	Relative Abundance	Unique Matches Frequency
Bacilli	91061	163328.25999999998	54.23799999999999	35578
Actinobacteria	201174	72599.82	24.108	349070
Gammaproteobacteria	1236	29687.260000000002	9.857999999999999	1012488
Tissierellia	1737404	15150.19	5.031000000000001	182465
Bacteroidia	200643	10066.44	3.343	42496
Fusobacteriia	203490	6681.29	2.2190000000000003	30640
Clostridia	186801	2117.69	0.7030000000000001	13640
Negativicutes	909932	1406.74	0.46699999999999997	5016
Epsilonproteobacteria	29547	100.06	0.033	96