Name	Tax ID	Abundance Score	Relative Abundance	Unique Matches Frequency
Actinobacteria	201174	39303.759999999995	62.003999999999984	336673
Firmicutes	1239	14217.300000000001	22.428999999999995	77942
Proteobacteria	1224	9495.730000000001	14.978	144234
Bacteroidetes	976	372.82	0.588	7978