Name	Tax ID	Abundance Score	Relative Abundance	Unique Matches Frequency
Bacillales	1385	194919.33	84.777	18895
Propionibacteriales	85009	29156.010000000002	12.681999999999999	171436
Corynebacteriales	85007	3311.7000000000003	1.4409999999999998	20474
Micrococcales	85006	1807.1299999999999	0.7869999999999999	9494
Rhodospirillales	204441	259.64	0.11299999999999999	3035
Neisseriales	206351	179.86	0.07799999999999999	57
Lactobacillales	186826	151.17	0.066	9
Flavobacteriales	200644	131.08	0.056999999999999995	11