Name	Tax ID	Abundance Score	Relative Abundance	Unique Matches Frequency
Staphylococcus	1279	21794.539999999994	86.318	13013
Micrococcus	1269	1949.21	7.720000000000001	1546
Corynebacterium	1716	822.47	3.258	4183
Aerococcus	1375	185.97	0.737	1891
Acinetobacter	469	164.16	0.65	8
Pseudomonas	286	145	0.5740000000000001	2749
Propionibacteriaceae_u_g	31957	105.84	0.41900000000000004	215
Aeromonas	642	81.69	0.32399999999999995	16