Name	Accession ID	Class	Abundance Score	Relative Abundance	% Unique Matches	% Total Matches	Unique Matches Frequency
Staphylococcus aureus G 1466 Branch		-	5014.31	46.055	0.614286	0.614286	84
Staphylococcus aureus GI 33390919		-	3935.38	36.144999999999996	0.572864	0.662338	246
Staphylococcus aureus GI 33390920		-	1938.08	17.801000000000002	0.407643	0.407643	86