Name	Tax ID	Abundance Score	Relative Abundance	Unique Matches Frequency
Bacilli	91061	91481.75	66.89399999999999	461538
Actinobacteria	201174	38691.14999999999	28.290999999999997	388830
Gammaproteobacteria	1236	4233.54	3.095	5959
Betaproteobacteria	28216	1261.7999999999997	0.923	1740
Tissierellia	1737404	652.86	0.477	7554
Alphaproteobacteria	28211	319.56	0.234	2515
Negativicutes	909932	118.43	0.087	15