Name	Tax ID	Abundance Score	Relative Abundance	Unique Matches Frequency
Actinobacteria	201174	1609382.2500000007	84.71400000000001	756029
Firmicutes	1239	287984.3599999999	15.157000000000005	617941
Bacteroidetes	976	1379.79	0.07300000000000001	14781
Proteobacteria	1224	735.62	0.039	1672
Synergistetes	508458	226.27	0.012	80