Name	Tax ID	Abundance Score	Relative Abundance	Unique Matches Frequency
Staphylococcus	1279	1781.21	70.926	83
Kocuria	57493	381.54999999999995	15.193000000000001	2537
Micrococcus	1269	202.68	8.07	91
Propionibacteriaceae_u_g	31957	145.94	5.811	10