Name	Tax ID	Abundance Score	Relative Abundance	% Unique Matches	% Total Matches	Unique Matches Frequency
Malassezia restricta CBS 7877	425264	107.91	87.158	0.013754	0.013759	1920
Balansia obtecta B249	1405085	9.73	7.858999999999999	0.001699	0.001656	239
Malassezia globosa CBS 7966	425265	6.17	4.983	0.00116	0.001183	161