Name	Accession ID	Class	Abundance Score	Relative Abundance	% Unique Matches	% Total Matches	Unique Matches Frequency
Staphylococcus lentus GENE repC		-	13924.06	23.078000000000003	0.983759	0.983759	2603
Staphylococcus lentus GENE tetK		-	13760.59	22.807	1	1	3565
Staphylococcus lentus GENE pre		-	10531.56	17.455000000000002	0.973631	0.973631	1868
Staphylococcus aureus GI 1527 Branch		-	8444.47	13.996	0.899083	0.899083	290
Staphylococcus lentus GI 60416745		-	5015.34	8.312999999999999	1	1	47
Staphylococcus aureus GENE qacC		-	4750.43	7.872999999999999	0.856164	0.856164	176
Staphylococcus aureus GI 33390945		-	2900.68	4.808	0.712121	0.712121	47
Staphylococcus lentus GI 60416748		-	1007.45	1.67	0.5	0.5	6