Name	Tax ID	Abundance Score	Relative Abundance	Unique Matches Frequency
Actinobacteria	201174	67714.05999999998	61.819	2361946
Bacilli	91061	18296.730000000003	16.703000000000007	35766
Betaproteobacteria	28216	14018.89	12.799	49271
Gammaproteobacteria	1236	3809.1500000000005	3.4789999999999996	6753
Alphaproteobacteria	28211	2847.5099999999998	2.5989999999999998	32169
Tissierellia	1737404	1631.4900000000002	1.4889999999999999	5731
Bacteroidia	200643	664.1999999999999	0.607	5226
Negativicutes	909932	287.78999999999996	0.262	108
Clostridia	186801	264.47	0.241	6