Name	Tax ID	Abundance Score	Relative Abundance	Unique Matches Frequency
Actinobacteria	201174	11276.869999999999	86.084	10803
Bacilli	91061	1054.46	8.049000000000001	2239
Tissierellia	1737404	350.33	2.675	1388
Alphaproteobacteria	28211	307.36	2.346	3337
Betaproteobacteria	28216	110.78	0.8460000000000001	10