Name	Tax ID	Abundance Score	Relative Abundance	Unique Matches Frequency
Corynebacteriales	85007	403.33000000000004	61.882000000000005	2936
Propionibacteriales	85009	131.34	20.151	144
Micrococcales	85006	117.1	17.965999999999998	41