Name	Tax ID	Abundance Score	Relative Abundance	% Unique Matches	% Total Matches	Unique Matches Frequency
Staphylococcus phage Ipla7	1197953	3878.09	26.687	0.227003	0.336403	13246
Staphylococcus phage CNPH82	398839	3350.42	23.055999999999997	0.195613	0.346247	8639
Staphylococcus phage Ipla5	1197952	2967.91	20.424	0.140045	0.299599	10248
Staphylococcus phage PH15	399185	2066.85	14.222999999999999	0.110047	0.276933	5729
Staphylococcus phage StB20	1147043	1141.18	7.853000000000001	0.087394	0.091312	6634
unclassified Siphoviridae	196894	451.72	3.109	0.010562	0.010562	366
Human immunodeficiency virus 1	11676	293.71	2.021	0.045956	0.045956	197
Human papillomavirus type 5	333923	246.64	1.6969999999999998	0.014222	0.014222	654
Equine infectious anemia virus	11665	135.21	0.9299999999999999	0.01809	0.01809	266