Name	Tax ID	Abundance Score	Relative Abundance	Unique Matches Frequency
Actinobacteria	201174	81397.91	30.88	431527
Bacilli	91061	63562.64	24.113999999999997	8775
Tissierellia	1737404	61880.009999999995	23.473999999999997	1004245
Negativicutes	909932	34465.729999999996	13.075	32956
Bacteroidia	200643	15608.23	5.922000000000001	407834
Clostridia	186801	5263.120000000001	1.9960000000000002	31515
Epsilonproteobacteria	29547	1326.74	0.503	8456
Coriobacteriia	84998	89.88	0.034	231