Name	Accession ID	Class	Abundance Score	Relative Abundance	% Unique Matches	% Total Matches	Unique Matches Frequency
Staphylococcus aureus GI 33390919		-	16129.19	29.543000000000003	0.668342	0.785714	1951
Staphylococcus aureus GI 33390920		-	9190.43	16.833000000000002	1	1	627
Staphylococcus epidermidis GeneID SEA1545		-	7154.08	13.104	0.936937	0.936937	530
Staphylococcus aureus GENE dfrA		-	5915.44	10.835	0.76824	0.76824	491
Staphylococcus aureus GENE thyA		-	5865.43	10.743	0.71374	0.71374	906
Staphylococcus aureus GENE AACA-APHD		-	4275.01	7.829999999999999	0.582746	0.582746	636
Staphylococcus aureus GI 33390945		-	3668.49	6.719	0.590909	0.590909	128
Staphylococcus lentus GENE repL		-	2398.05	4.392	0.439815	0.439815	150