Name	Accession ID	Class	Abundance Score	Relative Abundance	% Unique Matches	% Total Matches	Unique Matches Frequency
Staphylococcus aureus GI 33390919		-	38131.86	53.20700000000001	0.834171	0.892857	3999
Staphylococcus aureus GI 33390920		-	12060.61	16.829	1	1	955
Staphylococcus aureus GENE dfrA		-	8372.8	11.683	0.819742	0.819742	860
Staphylococcus aureus GENE thyA		-	5181.38	7.23	0.646947	0.646947	802
Staphylococcus aureus GI 33390945		-	4249.24	5.929	0.742424	0.742424	124
Staphylococcus epidermidis GeneID SEA1545		-	3671.46	5.122999999999999	0.684685	0.684685	166