Name	Tax ID	Abundance Score	Relative Abundance	Unique Matches Frequency
Corynebacterium sp. KPL1856	1203563	738.85	31.387999999999998	15
Staphylococcus_u_s	1279	477.04	20.266000000000002	56
Staphylococcus capitis	29388	290.8	12.354	62
Staphylococcus aureus	1280	274.13	11.645999999999999	26
Propionibacteriaceae_u_s	31957	224.76	9.548	9
Corynebacterium pseudogenitalium	38303	198.07	8.415000000000001	1272
Staphylococcus haemolyticus	1283	150.25	6.383	69