Name	Tax ID	Abundance Score	Relative Abundance	Unique Matches Frequency
Bacilli	91061	68630.15000000001	93.481	11551
Actinobacteria	201174	2053.18	2.796	4476
Gammaproteobacteria	1236	1694.6400000000003	2.3089999999999997	2642
Alphaproteobacteria	28211	1036.69	1.4120000000000001	8739