Name	Tax ID	Abundance Score	Relative Abundance	Unique Matches Frequency
Propionibacteriales	85009	690295.71	97.847	60780
Bacillales	1385	11595.650000000001	1.644	3176
Corynebacteriales	85007	2124.6800000000003	0.301	87
Micrococcales	85006	1118.71	0.159	4498
Enterobacterales	91347	248.04	0.034999999999999996	11
Caulobacterales	204458	107.61	0.015	1919