Name	Tax ID	Abundance Score	Relative Abundance	% Unique Matches	% Total Matches	Unique Matches Frequency
Human polyomavirus 6	746830	1892.82	55.916999999999994	0.268876	0.268876	788
Human papillomavirus type 166	1315259	880.14	26.001	0.096482	0.096482	1108
Staphylococcus phage StB20	1147043	502.64	14.849	0.063551	0.063551	1729
Merkel cell polyomavirus	493803	109.43	3.2329999999999997	0.024885	0.024885	65