Name	Tax ID	Abundance Score	Relative Abundance	% Unique Matches	% Total Matches	Unique Matches Frequency
Human papillomavirus type 50	40539	373.34	53.58500000000001	0.062254	0.062254	291
Phietavirus	1623298	198.59	28.503	0.026281	0.026281	60
Human immunodeficiency virus 1	11676	124.8	17.912	0.026348	0.026348	75