Name	Tax ID	Abundance Score	Relative Abundance	Unique Matches Frequency
Bacillales	1385	67982.15000000001	92.599	8673
Pseudomonadales	72274	1498.7600000000002	2.042	2037
Micrococcales	85006	1249.3	1.7009999999999998	1792
Rhodospirillales	204441	915.61	1.247	8700
Propionibacteriales	85009	803.88	1.095	2684
Lactobacillales	186826	648	0.8819999999999999	2878
Pasteurellales	135625	195.88	0.267	605
Caulobacterales	204458	121.08	0.165	39