Name	Accession ID	Class	Abundance Score	Relative Abundance	% Unique Matches	% Total Matches	Unique Matches Frequency
Staphylococcus aureus GI 33390919		-	11049.68	42.952	0.743719	0.834416	1144
Staphylococcus aureus GI 33390920		-	4699.91	18.269	0.789809	0.789809	216
Staphylococcus aureus GENE dfrA		-	3926.34	15.262	0.626609	0.626609	269
Staphylococcus aureus GENE thyA		-	2697.03	10.484	0.435115	0.435115	321
Staphylococcus aureus GENE blaI		-	1919.65	7.462000000000001	0.417989	0.417989	79
Staphylococcus aureus GI 33390939		-	1432.95	5.57	0.452381	0.452381	19