Name	Tax ID	Abundance Score	Relative Abundance	% Unique Matches	% Total Matches	Unique Matches Frequency
Human papillomavirus type 49	10616	917.76	32.567	0.133964	0.133964	644
Human papillomavirus type 10	333759	676.56	24.008	0.103458	0.103458	481
Human papillomavirus type 5	333923	327.53	11.622	0.056097	0.056097	254
Human immunodeficiency virus 1	11676	324.61	11.519	0.045956	0.045956	240
Merkel cell polyomavirus	493803	297.01	10.539	0.052833	0.05305	187
Equine infectious anemia virus	11665	138.95	4.931	0.018331	0.018331	275
Phietavirus	1623298	135.65	4.814	0.023215	0.023215	53