Name	Tax ID	Abundance Score	Relative Abundance	Unique Matches Frequency
Corynebacterium	1716	403.33000000000004	61.882000000000005	2936
Propionibacteriaceae_u_g	31957	131.34	20.151	144
Micrococcus	1269	117.1	17.965999999999998	41