Name	Tax ID	Abundance Score	Relative Abundance	Unique Matches Frequency
Propionibacteriaceae	31957	668.07	62.916000000000004	30
Staphylococcaceae	90964	168.18	15.838999999999999	60
Micrococcaceae	1268	125.84	11.851	17
Dermacoccaceae	145357	99.75	9.394	1317