Name	Tax ID	Abundance Score	Relative Abundance	Unique Matches Frequency
Bacilli	91061	195070.5	84.843	18904
Actinobacteria	201174	34274.84000000001	14.909999999999997	201404
Alphaproteobacteria	28211	259.64	0.11299999999999999	3035
Betaproteobacteria	28216	179.86	0.07799999999999999	57
Flavobacteriia	117743	131.08	0.056999999999999995	11