Name	Tax ID	Abundance Score	Relative Abundance	% Unique Matches	% Total Matches	Unique Matches Frequency
Malassezia restricta CBS 7877	425264	20047.6	85.271	0.708587	0.709389	678162
Malassezia globosa CBS 7966	425265	3043.73	12.946	0.256563	0.256741	50982
Balansia obtecta B249	1405085	264.49	1.125	0.016894	0.016707	11583
Melampsora pinitorqua Mpini7	1298852	113.19	0.481	0.002398	0.008386	8251
[Candida] glabrata	5478	22.32	0.095	0.001747	0.001747	264
Malassezia	55193	10.1	0.043	0.001962	0.001743	28
Saccharomyces cerevisiae T73	471859	9.11	0.039	0.003542	0.002442	11