Name	Tax ID	Abundance Score	Relative Abundance	Unique Matches Frequency
Staphylococcus	1279	2550.8599999999997	70.541	644
Propionibacteriaceae_u_g	31957	721.21	19.944	39
Corynebacterium	1716	138.06	3.818	1590
Propionibacterium	1743	122.15	3.3779999999999997	1106
Micrococcus	1269	83.81	2.318	10