Name	Tax ID	Abundance Score	Relative Abundance	Unique Matches Frequency
Staphylococcus epidermidis	1282	17870.23	38.688	283
Corynebacterium sp. KPL1856_u_t	1203563	14007.55	30.325000000000003	29
Propionibacterium acnes KPA171202	267747	9756.38	21.122	169
Staphylococcus capitis QN1	1189311	2121.37	4.593	1045
Propionibacterium sp. KPL1844_u_t	1203573	1492.14	3.2300000000000004	10320
Cutibacterium granulosum DSM 20700	1160719	654.56	1.417	989
[Propionibacterium] namnetense SK182B-JCVI	1051006	187.97	0.407	3233
Staphylococcus caprae M23864:W1	525378	100.89	0.218	1989