Name	Tax ID	Abundance Score	Relative Abundance	Unique Matches Frequency
Staphylococcus	1279	70195.36	94.79899999999999	20307
Cutibacterium	1912216	3096.01	4.181	81
Corynebacterium	1716	288.22	0.38899999999999996	7109
Porphyromonas	836	161.43	0.218	12
Streptococcus	1301	153.85	0.208	4386
Turicella	144193	151.57	0.20500000000000002	3490