Name	Tax ID	Abundance Score	Relative Abundance	Unique Matches Frequency
Firmicutes	1239	8565.739999999998	93.30499999999999	2226
Actinobacteria	201174	614.7099999999999	6.695999999999999	2751