Name	Accession ID	Class	Abundance Score	Relative Abundance	% Unique Matches	% Total Matches	Unique Matches Frequency
Staphylococcus aureus GI 33390919		-	7926.11	22.368	0.668342	0.782468	792
Staphylococcus aureus GENE qacC		-	4826.08	13.619	0.767123	0.767123	237
Staphylococcus aureus GI 33390945		-	4281.88	12.084	0.939394	0.939394	74
Staphylococcus aureus GI 33390920		-	4254.03	12.005	0.732484	0.732484	195
Staphylococcus aureus GENE thyA		-	4091.53	11.546	0.624046	0.624046	453
Staphylococcus aureus GENE dfrA		-	3986.47	11.25	0.686695	0.686695	224
Staphylococcus aureus GENE blaZ		-	3762.64	10.618	0.544276	0.544276	466
Staphylococcus epidermidis GeneID SEA1545		-	2306.74	6.510000000000001	0.472973	0.472973	105