Name	Tax ID	Abundance Score	Relative Abundance	Unique Matches Frequency
Propionibacteriales	85009	91173.47000000002	51.981	398724
Bacillales	1385	74450.03	42.446000000000005	34085
Corynebacteriales	85007	9378.5	5.3469999999999995	603240
Lactobacillales	186826	257.26	0.14700000000000002	2214
Caulobacterales	204458	138.35	0.079	2450