Name	Accession ID	Class	Abundance Score	Relative Abundance	% Unique Matches	% Total Matches	Unique Matches Frequency
Staphylococcus aureus GI 33390919		-	64331.46	44.17	0.668342	0.785714	6957
Staphylococcus aureus GI 33390920		-	24002.76	16.48	1	1	2238
Staphylococcus aureus GENE dfrA		-	21107.36	14.491999999999999	0.815451	0.815451	2853
Staphylococcus aureus GENE thyA		-	19766.87	13.572000000000001	1	1	4847
Staphylococcus epidermidis GeneID SEA1545		-	13491.83	9.263	1	1	1461
Staphylococcus aureus GI 33390939		-	2945.07	2.022	0.785714	0.785714	34