Name	Tax ID	Abundance Score	Relative Abundance	Unique Matches Frequency
Actinobacteria	201174	248173.80000000002	89.15599999999999	178435
Firmicutes	1239	29845.57	10.722	6647
Proteobacteria	1224	339.09000000000003	0.122	4199