Name	Tax ID	Abundance Score	Relative Abundance	Unique Matches Frequency
Actinobacteria	201174	2344.24	54.336000000000006	16687
Firmicutes	1239	1574.6799999999998	36.498	375
Proteobacteria	1224	227.07	5.263	54
Bacteroidetes	976	168.37	3.903	1216