Name	Tax ID	Abundance Score	Relative Abundance	Unique Matches Frequency
Bacillales	1385	194000.18	52.13	144600
Corynebacteriales	85007	167643.21000000002	45.04800000000001	1860721
Propionibacteriales	85009	7885.200000000001	2.1189999999999998	9781
Actinomycetales	2037	1077.3000000000002	0.28900000000000003	17115
Micrococcales	85006	708.46	0.189	2903
Lactobacillales	186826	454.44	0.122	2081
Neisseriales	206351	222.52	0.06	131
Bacteroidales	171549	82.26	0.022000000000000002	152
Veillonellales	1843489	78.12	0.021	12