Name	Tax ID	Abundance Score	Relative Abundance	Unique Matches Frequency
Actinobacteria	201174	559.61	41.117999999999995	1808
Alphaproteobacteria	28211	394.7	29.000999999999998	8568
Bacilli	91061	325.58	23.922	2535
Gammaproteobacteria	1236	81.09	5.958	14