Name	Tax ID	Abundance Score	Relative Abundance	Unique Matches Frequency
Bacillales	1385	21794.539999999994	86.318	13013
Micrococcales	85006	1949.21	7.720000000000001	1546
Corynebacteriales	85007	822.47	3.258	4183
Pseudomonadales	72274	309.15999999999997	1.2240000000000002	2757
Lactobacillales	186826	185.97	0.737	1891
Propionibacteriales	85009	105.84	0.41900000000000004	215
Aeromonadales	135624	81.69	0.32399999999999995	16