Name	Tax ID	Abundance Score	Relative Abundance	Unique Matches Frequency
Propionibacteriales	85009	1720482.58	97.529	73265
Bacillales	1385	31391.670000000002	1.7799999999999998	14392
Micrococcales	85006	9754.53	0.553	24290
Corynebacteriales	85007	1993.94	0.11399999999999999	16847
Pseudomonadales	72274	253.82	0.013999999999999999	342
Caulobacterales	204458	175.27	0.01	3076