Name	Tax ID	Abundance Score	Relative Abundance	Unique Matches Frequency
Actinobacteria	201174	22505.75	52.672000000000004	62295
Proteobacteria	1224	12254.129999999996	28.681	78432
Firmicutes	1239	7835.6	18.340000000000003	22748
Bacteroidetes	976	133.48	0.312	2794