Name	Tax ID	Abundance Score	Relative Abundance	Unique Matches Frequency
Staphylococcus	1279	160486.68	97.66799999999998	44895
Streptococcus	1301	1361.45	0.8280000000000001	4710
Rothia	32207	1147.32	0.698	11216
Actinomyces	1654	438.03999999999996	0.267	3997
Corynebacterium	1716	239.24	0.146	5651
Propionibacteriaceae_u_g	31957	200.07	0.122	23
Gemella	1378	193.87	0.11800000000000001	2118
Granulicatella	117563	134.62	0.082	19
Neisseriaceae_u_g	481	117.43	0.07100000000000001	20