Name	Tax ID	Abundance Score	Relative Abundance	Unique Matches Frequency
Bacillales	1385	5921.639999999999	74.156	2038
Propionibacteriales	85009	1155.67	14.472	57
Micrococcales	85006	829.84	10.392000000000001	2411
Neisseriales	206351	78.25	0.98	28