Name	Tax ID	Abundance Score	Relative Abundance	Unique Matches Frequency
Corynebacteriaceae	1653	7842.54	55.57600000000001	29743
Staphylococcaceae	90964	5872.23	41.614	12263
Actinomycetaceae	2049	110.9	0.786	33
Peptoniphilaceae	1570339	108.66	0.77	46
Prevotellaceae	171552	94.73	0.6709999999999999	616
Propionibacteriaceae	31957	82.35	0.584	152