Name	Tax ID	Abundance Score	Relative Abundance	Unique Matches Frequency
Actinobacteria	201174	768.75	55.504000000000005	1943
Bacilli	91061	616.28	44.495999999999995	1576