Name	Tax ID	Abundance Score	Relative Abundance	% Unique Matches	% Total Matches	Unique Matches Frequency
Balansia obtecta B249	1405085	5218.88	67.48100000000001	0.042613	0.041649	287989
Malassezia restricta CBS 7877	425264	1656.43	21.418	0.156487	0.156842	24145
Malassezia globosa CBS 7966	425265	842.47	10.893	0.085117	0.085203	12969
Malassezia	55193	16.02	0.207	0.004886	0.004785	16