Name	Tax ID	Abundance Score	Relative Abundance	% Unique Matches	% Total Matches	Unique Matches Frequency
Malassezia restricta CBS 7877	425264	98.2	46.150999999999996	0.012485	0.012453	1878
Balansia obtecta B249	1405085	84.41	39.67	0.010265	0.010194	1984
Malassezia globosa CBS 7966	425265	19.61	9.216000000000001	0.003037	0.00306	466
Malassezia obtusa	76774	10.56	4.963	0.001793	0.001822	271