Name	Tax ID	Abundance Score	Relative Abundance	% Unique Matches	% Total Matches	Unique Matches Frequency
Malassezia restricta CBS 7877	425264	2250.39	74.899	0.201587	0.202029	34733
Balansia obtecta B249	1405085	681.09	22.668	0.038933	0.038106	27970
Malassezia globosa CBS 7966	425265	73.09	2.4330000000000003	0.009639	0.009743	1428