Name	Accession ID	Class	Abundance Score	Relative Abundance	% Unique Matches	% Total Matches	Unique Matches Frequency
Staphylococcus aureus GI 1527 Branch		-	5330.71	50.403	0.614679	0.614679	91
Staphylococcus lentus GENE repL		-	2192.22	20.727999999999998	0.449074	0.449074	104
Staphylococcus lentus GI 60416745		-	1645.96	15.562999999999999	0.583333	0.583333	14
Staphylococcus aureus GENE isdF		-	1407.39	13.306999999999999	0.413793	0.413793	24