Name	Tax ID	Abundance Score	Relative Abundance	Unique Matches Frequency
Actinobacteria	201174	1732231.05	98.196	114402
Firmicutes	1239	31391.670000000002	1.7799999999999998	14392
Proteobacteria	1224	429.09000000000003	0.024	3418