Name	Tax ID	Abundance Score	Relative Abundance	% Unique Matches	% Total Matches	Unique Matches Frequency
Saccharomyces pastorianus CCY48 - 91	1214527	437.66	76.915	0.106661	0.040848	17548
Puccinia arachidis	333523	61.13	10.743	0.007877	0.008386	1409
Balansia obtecta B249	1405085	21.18	3.7220000000000004	0.003117	0.003123	566
Onygenales	33183	17.43	3.063	0.001592	0.001592	116
Malassezia restricta CBS 7877	425264	13.39	2.3529999999999998	0.002232	0.002277	313
Malassezia globosa CBS 7966	425265	9.83	1.728	0.001694	0.001709	251
Aspergillus fischeri NRRL 181	331117	8.4	1.476	0.001381	0.001587	273