Name	Tax ID	Abundance Score	Relative Abundance	Unique Matches Frequency
Propionibacteriaceae	31957	263803.79	70.368	734
Staphylococcaceae	90964	110415.83	29.451999999999998	130148
Enterobacteriaceae	543	330.9	0.08800000000000001	391
Caulobacteraceae	76892	132.86	0.034999999999999996	2166
Micrococcaceae	1268	127.81	0.034	30
Streptococcaceae	1300	82.13	0.022000000000000002	149