Name	Tax ID	Abundance Score	Relative Abundance	Unique Matches Frequency
Firmicutes	1239	21980.509999999995	87.05499999999999	14904
Actinobacteria	201174	2877.52	11.397	5944
Proteobacteria	1224	390.84999999999997	1.548	2773