Name	Tax ID	Abundance Score	Relative Abundance	Unique Matches Frequency
Propionibacteriaceae	31957	7106.129999999999	44.58500000000001	1121
Staphylococcaceae	90964	6954.79	43.635	2563
Micrococcaceae	1268	611.35	3.835	3513
Peptoniphilaceae	1570339	537.62	3.373	3622
Brevibacteriaceae	85019	399.98	2.5090000000000003	9067
Rhodospirillales_u_f	204441	184.83	1.16	1889
Enterobacteriaceae	543	143.94	0.903	396