Name	Tax ID	Abundance Score	Relative Abundance	Unique Matches Frequency
Propionibacteriaceae	31957	1720482.58	97.529	73265
Staphylococcaceae	90964	31391.670000000002	1.7799999999999998	14392
Micrococcaceae	1268	9754.53	0.553	24290
Corynebacteriaceae	1653	1993.94	0.11399999999999999	16847
Caulobacteraceae	76892	175.27	0.01	3076
Moraxellaceae	468	124.11	0.006999999999999999	88
Pseudomonadaceae	135621	129.71	0.006999999999999999	254