Name	Tax ID	Abundance Score	Relative Abundance	Unique Matches Frequency
Staphylococcaceae	90964	1049.76	48.875	316
Propionibacteriaceae	31957	459.43	21.39	30
Corynebacteriaceae	1653	187.48	8.729000000000001	4540
Micrococcaceae	1268	160.17	7.457	1048
Neisseriaceae	481	110.82	5.16	36
Peptoniphilaceae	1570339	99.27	4.622	82
Veillonellaceae	31977	80.92	3.7670000000000003	13