Name	Tax ID	Abundance Score	Relative Abundance	Unique Matches Frequency
Micrococcales	85006	381.53999999999996	55.807	103
Propionibacteriales	85009	195.94	28.660000000000004	18
Bacillales	1385	106.2	15.534	53