Name	Tax ID	Abundance Score	Relative Abundance	Unique Matches Frequency
Firmicutes	1239	147900.39	86.10399999999998	168333
Actinobacteria	201174	21956.750000000004	12.783000000000003	182834
Proteobacteria	1224	1211.6	0.706	14741
Bacteroidetes	976	701.55	0.408	4964