Name	Tax ID	Abundance Score	Relative Abundance	Unique Matches Frequency
Bacilli	91061	70349.21	95.00699999999999	24693
Actinobacteria	201174	3535.8000000000006	4.775	10680
Bacteroidia	200643	161.43	0.218	12