Name	Tax ID	Abundance Score	Relative Abundance	Unique Matches Frequency
Bacilli	91061	847362.2599999999	96.59599999999998	40170
Actinobacteria	201174	28289.18	3.227	23657
Alphaproteobacteria	28211	811.16	0.092	8728
Tissierellia	1737404	490.38	0.056	5095
Betaproteobacteria	28216	159.76	0.018000000000000002	53
Negativicutes	909932	111.44	0.013	10