Name	Tax ID	Abundance Score	Relative Abundance	Unique Matches Frequency
Firmicutes	1239	182002.87999999998	60.43899999999999	236699
Actinobacteria	201174	72599.82	24.108	349070
Proteobacteria	1224	29787.320000000003	9.890999999999998	1012584
Bacteroidetes	976	10066.44	3.343	42496
Fusobacteria	32066	6681.29	2.2190000000000003	30640