Name	Tax ID	Abundance Score	Relative Abundance	Unique Matches Frequency
Bacillales	1385	2773.6	60.394	3063
Micrococcales	85006	865.4300000000001	18.844	546
Rhodospirillales	204441	469.54	10.224	4176
Lactobacillales	186826	208.34	4.536	188
Propionibacteriales	85009	149.67	3.259	132
Pseudomonadales	72274	126.01	2.7439999999999998	121