Name	Tax ID	Abundance Score	Relative Abundance	Unique Matches Frequency
Bacilli	91061	94008.18000000001	66.418	308070
Actinobacteria	201174	45580.119999999995	32.20199999999999	106837
Gammaproteobacteria	1236	930.6999999999998	0.658	1365
Tissierellia	1737404	662.14	0.468	6965
Betaproteobacteria	28216	255.32999999999998	0.181	210
Alphaproteobacteria	28211	107.44	0.076	1896