Name	Tax ID	Abundance Score	Relative Abundance	Unique Matches Frequency
Actinobacteria	201174	693539.1	98.30699999999999	65365
Bacilli	91061	11595.650000000001	1.644	3176
Gammaproteobacteria	1236	248.04	0.034999999999999996	11
Alphaproteobacteria	28211	107.61	0.015	1919