Name	Tax ID	Abundance Score	Relative Abundance	Unique Matches Frequency
Propionibacteriales	85009	672.52	48.556000000000004	1925
Bacillales	1385	616.28	44.495999999999995	1576
Micrococcales	85006	96.23	6.948	18