Name	Tax ID	Abundance Score	Relative Abundance	Unique Matches Frequency
Corynebacteriales	85007	2119.39	49.124	14241
Bacillales	1385	1325.29	30.718000000000004	229
Pseudomonadales	72274	227.07	5.263	54
Bacteroidales	171549	168.37	3.903	1216
Lactobacillales	186826	152.39	3.5319999999999996	10
Propionibacteriales	85009	126.67	2.936	250
Actinomycetales	2037	98.18	2.276	2196
Tissierellales	1737405	97	2.248	136