Name	Tax ID	Abundance Score	Relative Abundance	Unique Matches Frequency
Bacilli	91061	162176.62	98.69599999999997	51742
Actinobacteria	201174	2024.6699999999998	1.2329999999999999	20887
Betaproteobacteria	28216	117.43	0.07100000000000001	20