Name	Tax ID	Abundance Score	Relative Abundance	Unique Matches Frequency
Firmicutes	1239	94670.32	66.88600000000001	315035
Actinobacteria	201174	45580.119999999995	32.20199999999999	106837
Proteobacteria	1224	1293.47	0.9149999999999999	3471