Name	Tax ID	Abundance Score	Relative Abundance	Unique Matches Frequency
Firmicutes	1239	92253.04	67.45799999999998	469107
Actinobacteria	201174	38691.14999999999	28.290999999999997	388830
Proteobacteria	1224	5814.899999999999	4.252	10214