Name	Tax ID	Abundance Score	Relative Abundance	Unique Matches Frequency
Actinobacteria	201174	1017005.3100000003	93.04700000000004	85509
Bacilli	91061	74941.25	6.854999999999999	52723
Alphaproteobacteria	28211	420.88	0.039	6816
Betaproteobacteria	28216	318.6	0.029	49
Tissierellia	1737404	213.31	0.019000000000000003	128
Gammaproteobacteria	1236	90.13	0.008	172