Name	Tax ID	Abundance Score	Relative Abundance	% Unique Matches	% Total Matches	Unique Matches Frequency
Malassezia restricta CBS 7877	425264	25.34	54.718	0.003869	0.003875	540
Malassezia globosa CBS 7966	425265	14.91	32.196000000000005	0.002473	0.00248	330
Balansia obtecta B249	1405085	6.06	13.086	0.001135	0.001142	162