Name	Tax ID	Abundance Score	Relative Abundance	Unique Matches Frequency
Actinobacteria	201174	22505.75	52.672000000000004	62295
Gammaproteobacteria	1236	10325.759999999998	24.167	56444
Bacilli	91061	7431.380000000001	17.394000000000002	22496
Alphaproteobacteria	28211	1832.99	4.291	21918
Tissierellia	1737404	263.57	0.617	232
Negativicutes	909932	140.65	0.329	20
Bacteroidia	200643	133.48	0.312	2794
Betaproteobacteria	28216	95.38	0.22300000000000003	70