Name	Tax ID	Abundance Score	Relative Abundance	% Unique Matches	% Total Matches	Unique Matches Frequency
Merkel cell polyomavirus	493803	1382.53	56.227000000000004	0.201378	0.200075	671
Staphylococcus phage StB20	1147043	888.47	36.134	0.105571	0.103645	3020
Human papillomavirus type 4	10617	187.84	7.639	0.036081	0.036081	144