Name	Tax ID	Abundance Score	Relative Abundance	Unique Matches Frequency
Propionibacterium	1743	169485.18	45.209	120
Staphylococcus	1279	110415.83	29.451999999999998	130148
Cutibacterium	1912216	94318.61	25.159	614
Escherichia	561	330.9	0.08800000000000001	391
Caulobacter	75	132.86	0.034999999999999996	2166
Micrococcus	1269	127.81	0.034	30
Streptococcus	1301	82.13	0.022000000000000002	149