Name	Tax ID	Abundance Score	Relative Abundance	% Unique Matches	% Total Matches	Unique Matches Frequency
Malassezia restricta CBS 7877	425264	3992.45	86.941	0.303616	0.304512	77845
Balansia obtecta B249	1405085	361.79	7.878	0.030108	0.02954	11498
Malassezia globosa CBS 7966	425265	223.4	4.865	0.026001	0.026178	3716
Melampsora pinitorqua Mpini7	1298852	14.51	0.316	0.001816	0.004966	635