Name	Tax ID	Abundance Score	Relative Abundance	% Unique Matches	% Total Matches	Unique Matches Frequency
Malassezia restricta CBS 7877	425264	7999.48	96.587	0.491189	0.491775	192031
Balansia obtecta B249	1405085	155.29	1.875	0.007552	0.00775	8680
Malassezia globosa CBS 7966	425265	98.7	1.192	0.012348	0.012551	1838
Melampsora pinitorqua Mpini7	1298852	28.68	0.346	0.002306	0.0064	1645