Name	Tax ID	Abundance Score	Relative Abundance	% Unique Matches	% Total Matches	Unique Matches Frequency
Malassezia restricta CBS 7877	425264	138.49	42.357	0.016812	0.016884	2534
Balansia obtecta B249	1405085	130.95	40.050999999999995	0.014715	0.014596	3166
Malassezia globosa CBS 7966	425265	57.52	17.592	0.007739	0.00776	1193