Name	Tax ID	Abundance Score	Relative Abundance	Unique Matches Frequency
Propionibacteriales	85009	668.07	62.916000000000004	30
Micrococcales	85006	225.59	21.245	1334
Bacillales	1385	168.18	15.838999999999999	60