Name	Tax ID	Abundance Score	Relative Abundance	% Unique Matches	% Total Matches	Unique Matches Frequency
Malassezia restricta CBS 7877	425264	299.8	67.425	0.033617	0.033907	4885
Malassezia globosa CBS 7966	425265	118.93	26.747	0.014867	0.014924	2133
Balansia obtecta B249	1405085	25.91	5.827	0.002301	0.002378	1413