Name	Tax ID	Abundance Score	Relative Abundance	% Unique Matches	% Total Matches	Unique Matches Frequency
Malassezia restricta CBS 7877	425264	2521.64	96.267	0.217864	0.218586	41399
Balansia obtecta B249	1405085	90.44	3.453	0.010813	0.010757	2146
Melampsora pinitorqua Mpini7	1298852	7.34	0.27999999999999997	0.001203	0.003423	259