Name	Tax ID	Abundance Score	Relative Abundance	Unique Matches Frequency
Proteobacteria	1224	34810.219999999994	55.146	361735
Firmicutes	1239	16345.199999999993	25.893	151262
Actinobacteria	201174	11718.490000000003	18.564000000000004	48380
Bacteroidetes	976	250.68	0.39699999999999996	4909