Name	Tax ID	Abundance Score	Relative Abundance	Unique Matches Frequency
Actinobacteria	201174	263931.6	70.402	764
Bacilli	91061	110497.96	29.473999999999997	130297
Gammaproteobacteria	1236	330.9	0.08800000000000001	391
Alphaproteobacteria	28211	132.86	0.034999999999999996	2166