Name	Tax ID	Abundance Score	Relative Abundance	Unique Matches Frequency
Micrococcus luteus	1270	185.01	33.481	87
Staphylococcus capitis	29388	140.76	25.473000000000003	70
Propionibacteriaceae_u_s	31957	139.94	25.324999999999996	10
Staphylococcus_u_s	1279	86.87	15.720999999999998	34