Name	Tax ID	Abundance Score	Relative Abundance	Unique Matches Frequency
Propionibacteriaceae_u_g	31957	668.07	62.916000000000004	30
Staphylococcus	1279	168.18	15.838999999999999	60
Micrococcus	1269	125.84	11.851	17
Dermacoccus	57495	99.75	9.394	1317