Name	Tax ID	Abundance Score	Relative Abundance	% Unique Matches	% Total Matches	Unique Matches Frequency
Human polyomavirus 6	746830	1276.81	67.462	0.19547	0.19547	518
Siphoviridae	10699	227.23	12.006	0.0462	0.0462	37
Human immunodeficiency virus 1	11676	158.08	8.352	0.033701	0.033701	79
Staphylococcus phage P954	668618	154.18	8.146	0.01377	0.027354	42
Phietavirus	1623298	76.34	4.034	0.011827	0.011827	27