Name	Tax ID	Relative Abundance	Reads Frequency	Normalized Reads Frequency
Actinomycetota	201174	82.87	16044610	16421758
Bacteroidota	976	5.609999999999999	1438429	1111693
Bacillota_A	1239	4.919999999999998	736397	974962
Bacillota	1239	4.909999999999998	864595	972980
Pseudomonadota	1224	1.3600000000000003	703467	269503
Bacillota_C	1239	0.24	24000	47559
Campylobacterota	1224	0.03	4791	5945