Name	Tax ID	Abundance Score	Relative Abundance	Unique Matches Frequency
Actinobacteria	201174	2344.24	54.336000000000006	16687
Bacilli	91061	1477.6799999999998	34.25	239
Gammaproteobacteria	1236	227.07	5.263	54
Bacteroidia	200643	168.37	3.903	1216
Tissierellia	1737404	97	2.248	136