Name	Tax ID	Abundance Score	Relative Abundance	% Unique Matches	% Total Matches	Unique Matches Frequency
Staphylococcus phage StB20	1147043	3473.74	42.312	0.23711	0.2498	18115
Staphylococcus phage Ipla5	1197952	1436.99	17.503	0.120597	0.121213	4708
Staphylococcus phage CNPH82	398839	1294.44	15.767000000000001	0.121151	0.106019	4769
Staphylococcus phage Ipla7	1197953	1257.39	15.315999999999999	0.117741	0.109561	3857
Staphylococcus phage PH15	399185	613.91	7.478	0.037719	0.074497	1105
Propionibacterium phage P100D	1229789	133.35	1.624	0.013326	0.026	57