Name	Tax ID	Relative Abundance	Reads Frequency	Normalized Reads Frequency
Actinomycetia	1760	54.63	27722455	36504778
Gammaproteobacteria	1236	34.589999999999996	34394244	23113679
Bacilli	91061	6.939999999999997	2740932	4637435
Bacteroidia	200643	2.07	1280460	1383212
Clostridia	186801	1.7600000000000005	669467	1176061
Campylobacteria	29547	0.03	7716	20046
Negativicutes	909932	0.03	6580	20047