Name	Tax ID	Abundance Score	Relative Abundance	Unique Matches Frequency
Gammaproteobacteria	1236	34465.06	54.599000000000004	359741
Bacilli	91061	15632.209999999994	24.764	148863
Actinobacteria	201174	11718.490000000003	18.564000000000004	48380
Tissierellia	1737404	490.09	0.776	1956
Betaproteobacteria	28216	257.06	0.40700000000000003	1968
Flavobacteriia	117743	250.68	0.39699999999999996	4909
Negativicutes	909932	132.57	0.21	126
Clostridia	186801	90.33	0.14300000000000002	317
Alphaproteobacteria	28211	88.1	0.13999999999999999	26