Name	Tax ID	Abundance Score	Relative Abundance	Unique Matches Frequency
Bacilli	91061	2981.94	64.92999999999999	3251
Actinobacteria	201174	1015.1	22.103	678
Alphaproteobacteria	28211	469.54	10.224	4176
Gammaproteobacteria	1236	126.01	2.7439999999999998	121