Name	Tax ID	Abundance Score	Relative Abundance	Unique Matches Frequency
Bacilli	91061	146918.78	85.53299999999999	166434
Actinobacteria	201174	21956.750000000004	12.783000000000003	182834
Betaproteobacteria	28216	1211.6	0.706	14741
Negativicutes	909932	981.61	0.5710000000000001	1899
Bacteroidia	200643	381.06	0.222	455
Flavobacteriia	117743	320.49	0.186	4509