Name	Tax ID	Relative Abundance	Reads Frequency	Normalized Reads Frequency
Bacillota	1239	48.99	471164	523101
Bacteroidota	976	31.200000000000003	396432	333145
Actinomycetota	201174	17.15	179223	183126
Bacillota_A	1239	2.0100000000000002	15191	21464
Bacillota_C	1239	0.51	4017	5446
Verrucomicrobiota	74201	0.08	1120	854
Pseudomonadota	1224	0.02	452	214
Methanobacteriota	28890	0.02	175	214