Name	Tax ID	Relative Abundance	Reads Frequency	Normalized Reads Frequency
Bacilli	91061	48.99	471164	523101
Bacteroidia	200643	31.200000000000003	396432	333145
Actinomycetia	1760	16.65	176285	177787
Clostridia	186801	2.0100000000000002	15191	21464
Negativicutes	909932	0.51	4017	5446
Coriobacteriia	84998	0.5	2938	5339
Verrucomicrobiae	203494	0.08	1120	854
Gammaproteobacteria	1236	0.02	452	214
Methanobacteria	183925	0.02	175	214