Name	Tax ID	Relative Abundance	Reads Frequency	Normalized Reads Frequency
Actinomycetota	201174	42.669999999999995	1339106	1479497
Bacillota	1239	39.57000000000001	1166402	1372008
Pseudomonadota	1224	8.549999999999999	591192	296454
Bacteroidota	976	6.62	300840	229536
Bacillota_A	1239	2.2699999999999996	61801	78705
Campylobacterota	1224	0.31	7620	10749
Bacillota_C	1239	0.02	336	694