Name	Tax ID	Abundance Score	Relative Abundance	% Unique Matches	% Total Matches	Unique Matches Frequency
Human papillomavirus type 50	40539	567.26	35.941	0.091936	0.091936	372
Propionibacterium phage PHL113M01	1235655	272.26	17.25	0.020466	0.048164	72
Propionibacterium phage P105	1229788	260.64	16.514	0.017944	0.043173	80
Propionibacterium phage PHL060L00	1235647	217.82	13.801	0.015337	0.036613	81
Human immunodeficiency virus 1	11676	146.43	9.278	0.034314	0.034314	57
Human papillomavirus type 166	1315259	113.9	7.217	0.023188	0.023188	104