Name	Tax ID	Abundance Score	Relative Abundance	Unique Matches Frequency
Bacilli	91061	882772.91	94.48	77063
Actinobacteria	201174	40867.72	4.3740000000000006	165000
Gammaproteobacteria	1236	5155.599999999999	0.55	9879
Alphaproteobacteria	28211	3686.4	0.395	55024
Cytophagia	768503	1062.1	0.11399999999999999	26
Betaproteobacteria	28216	822.4399999999999	0.088	9792