Name	Tax ID	Relative Abundance	Reads Frequency	Normalized Reads Frequency
Bacillota	1239	90.01	5202952	5294610
Actinomycetota	201174	4.979999999999999	314760	292935
Bacteroidota	976	3.1999999999999993	270691	188231
Bacillota_A	1239	1.6300000000000003	85880	95880
Campylobacterota	1224	0.11000000000000001	5188	6471
Bacillota_C	1239	0.06999999999999999	2776	4118