Name	Tax ID	Relative Abundance	Reads Frequency	Normalized Reads Frequency
Pseudomonadota	1224	92.72	1470267	1421292
Bacillota	1239	2.66	22282	40775
Bacteroidota	976	2.27	23958	34797
Actinomycetota	201174	1.9700000000000002	13808	30197
Bacillota_A	1239	0.39000000000000007	2571	5979