Class	Abundance Score	Relative Abundance	Unique Matches Frequency
Aminoglycoside	127183.15000000001	45.51	5849
Macrolide-Lincosamine-Streptogramin B	121437.23999999999	43.455999999999996	1618
Tetracyclines	13210.82	4.727	1184
Class A beta-lactamases	13210.57	4.727	5257
Sulfonamides_Trimethoprim	4409.55	1.5779999999999998	265