Name	Tax ID	Abundance Score	Relative Abundance	% Unique Matches	% Total Matches	Unique Matches Frequency
Balansia obtecta B249	1405085	1278.96	63.268	0.023638	0.023416	72277
Malassezia restricta CBS 7877	425264	374.48	18.525	0.038839	0.039118	7157
Malassezia globosa CBS 7966	425265	340.21	16.830000000000002	0.035945	0.035998	6572
Malassezia sympodialis ATCC 42132	1230383	21.67	1.072	0.003197	0.003218	567
Aspergillus	5052	6.17	0.305	0.001464	0.001464	28