Name	Tax ID	Abundance Score	Relative Abundance	% Unique Matches	% Total Matches	Unique Matches Frequency
Human papillomavirus type 144	1070417	87.24	28.34	0.019328	0.019328	73
Phietavirus	1623298	86.91	28.233000000000004	0.012703	0.012703	29
Equine infectious anemia virus	11665	70.25	22.820999999999998	0.015919	0.015919	66
Staphylococcus phage StB20	1147043	63.43	20.605999999999998	0.011048	0.011048	245