Class	Abundance Score	Relative Abundance	Unique Matches Frequency
Macrolide-Lincosamine-Streptogramin B	216619.44	28.747	17155
Tetracyclines	193542.03999999998	25.684	11838
Sulfonamides_Trimethoprim	174370.47	23.14	18181
Polimixin_Colistin	115201.91000000002	15.287999999999998	34261
Sulfa drugs	30202.92	4.008	6899
Class A beta-lactamases	17706.12	2.35	6857
Aminoglycoside	5897.59	0.783	393