Name	Tax ID	Relative Abundance	Reads Frequency	Normalized Reads Frequency
Gammaproteobacteria	1236	92.72	1470267	1421292
Bacilli	91061	2.66	22282	40775
Bacteroidia	200643	2.27	23958	34797
Actinomycetia	1760	1.9700000000000002	13808	30197
Clostridia	186801	0.39000000000000007	2571	5979